cust_id,full_name,email_address,mobile,birth_date,national_id,region
CUST00001,Angel Hill,donaldgarcia@example.net,+1-219-560-0133,1985-11-04,734-84-8929,PA
CUST00002,Michelle Ray,williamsjeremy@example.com,731-564-7525,1984-07-11,687-35-1170,WI
CUST00003,Julie Ryan,zhurst@example.com,828.371.0122,1954-05-11,395-49-9764,VA
CUST00004,Marie Parker,allenashley@example.org,671-882-2782,2000-12-02,217-70-3296,CA
CUST00005,Lindsey Lee,hopkinsmichael@example.com,401.806.5133x387,1994-12-28,188-36-7580,NJ
CUST00006,Brian Fitzgerald,adkinsbrian@example.net,388.520.8121x9136,1959-04-11,593-77-0652,DC
CUST00007,Natasha Wood,samueldaniels@example.com,+1-680-684-1241x182,2001-01-20,620-27-5618,AZ
CUST00008,Earl Anderson,michael05@example.org,+1-731-858-6923x22602,1982-04-05,822-86-4066,KY
CUST00009,Paul Ray,bradley60@example.net,+1-635-661-5951,1977-10-12,683-53-5345,ME
CUST00010,Christine Davis,emilywalker@example.org,(500)837-9176,1987-05-20,507-52-3998,PW
CUST00011,Michelle Cole,maryramirez@example.net,434.571.4345x5812,1955-08-03,393-89-2504,UT
CUST00012,Matthew Shelton,dramsey@example.org,+1-280-669-9016x272,1947-05-22,389-42-3468,SD
CUST00013,Jonathan Wood,stricklandfrank@example.com,590-349-6631,1974-11-09,714-99-4942,GU
CUST00014,Mariah Miller,dsanchez@example.net,+1-665-607-5273x545,1999-03-21,570-02-8465,LA
CUST00015,John Martinez,leslienewton@example.net,(333)574-9894,1962-08-18,304-30-5913,SC
CUST00016,Lynn Morales,rayglenda@example.org,(594)813-1869,1975-08-29,462-57-4872,GA
CUST00017,Deborah Kerr,charlesmartin@example.com,+1-994-371-7464x887,1979-11-13,613-06-7079,NV
CUST00018,Shawn Edwards,darrell68@example.org,+1-487-660-3859x77034,1980-03-20,449-90-7942,NH
CUST00019,Michelle Hill,ymorgan@example.net,704-849-9727x875,2000-12-16,467-42-3091,NM
CUST00020,Melissa Phelps,ofinley@example.net,001-478-609-1343x16117,1986-07-02,030-06-5315,RI
CUST00021,Vanessa Evans,dvaughn@example.com,667.613.6959,2005-02-09,023-85-6485,SC
CUST00022,Amber Mata,maria47@example.com,001-651-371-2368x5160,1953-11-20,466-48-4296,SD
CUST00023,Eric Perry,basschristina@example.com,7532773515,1992-04-28,408-36-3110,CA
CUST00024,David Howard,briannasmith@example.com,3269811775,2000-02-23,516-29-0711,RI
CUST00025,Matthew Chavez,ublair@example.com,245-727-1111x61528,1959-12-15,687-16-6731,DE
CUST00026,Douglas Sandoval,thomascynthia@example.org,683-766-7525,1956-12-27,796-73-9769,KY
CUST00027,Adrian Turner,katrinaduran@example.com,810-276-2268x38851,1983-04-27,447-03-7533,MP
CUST00028,William Wilson,rebeccabailey@example.net,+1-923-912-4329x2127,1956-02-25,698-73-5296,CA
CUST00029,Susan Hayes,toni18@example.net,(703)777-8892,1977-02-22,290-50-6698,TN
CUST00030,Kyle Bean,stacey73@example.org,(721)441-8880,1946-09-16,612-49-2528,IN
CUST00031,Laurie Taylor,brett75@example.net,481-841-2478,1997-01-09,094-29-7392,WY
CUST00032,Keith Turner,allendanielle@example.net,811.279.8089x324,1952-07-25,630-46-3942,IA
CUST00033,Kylie Blackwell,sarah86@example.net,940.834.5054x1566,1958-04-05,348-24-8130,ME
CUST00034,Ernest Johnson,ejohnson@example.org,001-455-769-0927x55719,1992-10-20,408-41-4567,UT
CUST00035,Eric Mckinney,laurahicks@example.org,923.470.5895,1964-06-16,627-12-1078,SC
CUST00036,Cynthia Pierce,colleenmendez@example.org,629.592.2995x90010,1961-05-07,786-74-6826,UT
CUST00037,Steven Adams,donaldwilliams@example.com,+1-963-625-9532x787,1965-08-31,510-03-1476,FM
CUST00038,Joshua Hays,andersoncolin@example.com,985-923-9868x00025,1993-09-19,153-78-8447,NJ
CUST00039,Cristina Harvey,rhernandez@example.org,8915307562,1956-04-20,421-65-7727,NH
CUST00040,Timothy Castro,keith98@example.com,(652)640-4157x4733,1976-05-14,141-14-9615,AL
CUST00041,Samantha Osborn,lfrench@example.net,400-949-9154x7887,1956-08-20,280-25-1846,MO
CUST00042,Jose Ward,bryanwilson@example.com,(568)441-4593,1981-08-26,490-20-7455,DE
CUST00043,Sean Brown,williambryant@example.org,+1-374-206-4039,2002-03-11,434-45-1045,NV
CUST00044,Steven Ball,opatel@example.org,352.343.1069x033,2007-03-17,609-05-7315,IN
CUST00045,Rhonda Garrett,dpeters@example.com,+1-568-656-6246x2873,2000-12-25,879-91-2366,AR
CUST00046,David Key,srocha@example.net,001-636-738-5467x854,2006-03-04,526-64-7636,KS
CUST00047,Tracy Jackson,gary87@example.org,+1-508-301-0062,1985-12-27,725-20-0150,AK
CUST00048,Joseph Sanders,susan79@example.org,001-234-410-1666x870,1996-12-01,085-64-7110,TN
CUST00049,Krystal Norris,masonterri@example.org,763-215-9996,1992-03-01,650-35-7382,WA
CUST00050,Ricky Johnson,angela99@example.com,(404)666-1839x8262,1980-07-05,309-35-8080,PA
CUST00051,Debra Wheeler,malik37@example.com,(665)847-9356,1997-06-11,374-15-9239,MP
CUST00052,Samantha Holt,gibbsmichael@example.net,+1-311-235-2909x656,1977-06-23,101-34-3638,PW
CUST00053,Jennifer Johnson,deborah23@example.net,(482)458-6736,1948-05-17,656-85-7081,MN
CUST00054,Christina Cervantes,samantha91@example.net,(851)834-1252,1998-10-30,611-18-9418,NM
CUST00055,Kelly Hill,gary79@example.net,001-578-881-9148x58078,1993-07-04,105-95-4056,WY
CUST00056,Tricia Shelton,taylorkaren@example.com,9424232536,1999-08-13,592-81-4403,VA
CUST00057,Matthew Fleming,williamsconnie@example.com,6124770632,1976-02-20,896-36-1530,OR
CUST00058,Dakota Richardson,derrick22@example.org,390.492.7532x69731,1996-05-02,771-16-9660,SD
CUST00059,Robert Payne,kathrynbest@example.org,6918043006,1998-06-01,434-90-6591,ND
CUST00060,Diane Thompson,zimmermanjacqueline@example.org,658.384.2524x1056,1987-07-11,270-92-9448,MH
