transaction_id,customer_id,product_id,quantity,unit_price_usd,total_amount_usd,transaction_date,payment_method,store_region
TXN000001,CUST00066,PROD0040,3,156.86,470.58,2025-04-06,Debit Card,GA
TXN000002,CUST00087,PROD0020,2,26.17,52.34,2025-07-23,Debit Card,AK
TXN000003,CUST00004,PROD0003,2,8.16,16.32,2026-05-02,Bank Transfer,CA
TXN000004,CUST00109,PROD0005,4,636.56,2546.24,2026-03-01,Bank Transfer,ND
TXN000005,CUST00025,PROD0025,4,538.92,2155.68,2026-02-14,Debit Card,DE
TXN000006,CUST00019,PROD0001,1,442.23,442.23,2026-03-12,Debit Card,NM
TXN000007,CUST00023,PROD0034,4,118.91,475.64,2025-02-21,Bank Transfer,CA
TXN000008,CUST00032,PROD0008,4,137.53,550.12,2025-05-17,Gift Card,IA
TXN000009,CUST00086,PROD0034,5,118.91,594.55,2025-11-21,Gift Card,TN
TXN000010,CUST00079,PROD0033,4,370.5,1482.0,2026-07-16,Gift Card,NJ
TXN000011,CUST00115,PROD0011,6,703.19,4219.14,2026-05-02,Gift Card,GA
TXN000012,CUST00034,PROD0016,6,147.47,884.82,2025-10-11,Bank Transfer,UT
TXN000013,CUST00063,PROD0016,3,147.47,442.41,2026-03-27,Credit Card,AS
TXN000014,CUST00092,PROD0019,2,278.14,556.28,2025-10-06,PayPal,IA
TXN000015,CUST00041,PROD0035,1,674.57,674.57,2025-05-22,Debit Card,MO
TXN000016,CUST00030,PROD0025,6,538.92,3233.52,2025-06-06,Debit Card,IN
TXN000017,CUST00009,PROD0027,4,810.05,3240.2,2025-12-05,Bank Transfer,ME
TXN000018,CUST00060,PROD0027,1,810.05,810.05,2025-07-31,Gift Card,MH
TXN000019,CUST00050,PROD0038,6,590.95,3545.7,2025-01-21,Bank Transfer,PA
TXN000020,CUST00049,PROD0031,1,285.94,285.94,2025-12-27,PayPal,WA
TXN000021,CUST00097,PROD0025,4,538.92,2155.68,2026-07-06,Bank Transfer,SC
TXN000022,CUST00103,PROD0039,2,609.68,1219.36,2026-05-15,Debit Card,IN
TXN000023,CUST00035,PROD0028,4,639.35,2557.4,2025-01-30,Gift Card,SC
TXN000024,CUST00044,PROD0026,6,547.55,3285.3,2025-06-19,Gift Card,IN
TXN000025,CUST00118,PROD0009,5,331.35,1656.75,2026-07-01,Credit Card,OK
TXN000026,CUST00117,PROD0026,5,547.55,2737.75,2025-01-28,Credit Card,VI
TXN000027,CUST00083,PROD0028,2,639.35,1278.7,2026-04-18,Debit Card,NY
TXN000028,CUST00007,PROD0017,4,785.58,3142.32,2025-12-02,Debit Card,AZ
TXN000029,CUST00059,PROD0021,3,254.34,763.02,2026-01-24,PayPal,ND
TXN000030,CUST00097,PROD0027,3,810.05,2430.15,2025-03-25,Gift Card,SC
TXN000031,CUST00003,PROD0035,1,674.57,674.57,2025-12-25,Debit Card,VA
TXN000032,CUST00084,PROD0005,6,636.56,3819.36,2025-02-11,Credit Card,AS
TXN000033,CUST00032,PROD0013,1,878.69,878.69,2025-06-06,Debit Card,IA
TXN000034,CUST00017,PROD0031,6,285.94,1715.64,2025-04-28,Bank Transfer,NV
TXN000035,CUST00028,PROD0030,6,391.0,2346.0,2025-09-20,PayPal,CA
TXN000036,CUST00022,PROD0039,5,609.68,3048.4,2025-04-28,Debit Card,SD
TXN000037,CUST00040,PROD0007,5,37.24,186.2,2025-01-27,PayPal,AL
TXN000038,CUST00074,PROD0025,4,538.92,2155.68,2025-07-23,Credit Card,GA
TXN000039,CUST00076,PROD0016,1,147.47,147.47,2025-11-05,Bank Transfer,LA
TXN000040,CUST00104,PROD0008,5,137.53,687.65,2025-02-12,PayPal,RI
TXN000041,CUST00069,PROD0028,6,639.35,3836.1,2026-01-15,Credit Card,FL
TXN000042,CUST00065,PROD0022,1,579.12,579.12,2026-03-07,Gift Card,VT
TXN000043,CUST00014,PROD0028,3,639.35,1918.05,2026-04-16,Debit Card,LA
TXN000044,CUST00056,PROD0012,6,675.77,4054.62,2026-06-19,PayPal,VA
TXN000045,CUST00079,PROD0035,4,674.57,2698.28,2026-04-22,Gift Card,NJ
TXN000046,CUST00106,PROD0038,3,590.95,1772.85,2025-11-27,Debit Card,SD
TXN000047,CUST00107,PROD0006,3,72.33,216.99,2026-04-07,Debit Card,WV
TXN000048,CUST00097,PROD0030,5,391.0,1955.0,2026-01-24,PayPal,SC
TXN000049,CUST00004,PROD0032,3,810.53,2431.59,2025-07-06,Gift Card,CA
TXN000050,CUST00028,PROD0023,3,845.61,2536.83,2025-12-15,PayPal,CA
TXN000051,CUST00113,PROD0039,6,609.68,3658.08,2025-10-10,Bank Transfer,AK
TXN000052,CUST00002,PROD0034,2,118.91,237.82,2025-03-29,Debit Card,WI
TXN000053,CUST00093,PROD0027,4,810.05,3240.2,2026-07-23,Debit Card,AL
TXN000054,CUST00089,PROD0031,6,285.94,1715.64,2026-05-18,Gift Card,AL
TXN000055,CUST00102,PROD0002,1,572.67,572.67,2025-10-29,Debit Card,PW
TXN000056,CUST00052,PROD0016,3,147.47,442.41,2026-01-13,Gift Card,PW
TXN000057,CUST00071,PROD0034,3,118.91,356.73,2026-03-12,Bank Transfer,AK
TXN000058,CUST00043,PROD0023,6,845.61,5073.66,2026-04-10,PayPal,NV
TXN000059,CUST00040,PROD0017,2,785.58,1571.16,2025-05-04,Debit Card,AL
TXN000060,CUST00041,PROD0008,6,137.53,825.18,2026-07-03,Debit Card,MO
TXN000061,CUST00025,PROD0014,6,27.17,163.02,2026-05-11,PayPal,DE
TXN000062,CUST00093,PROD0038,5,590.95,2954.75,2025-10-17,Credit Card,AL
TXN000063,CUST00107,PROD0013,3,878.69,2636.07,2025-08-21,PayPal,WV
TXN000064,CUST00023,PROD0020,1,26.17,26.17,2026-07-01,Debit Card,CA
TXN000065,CUST00036,PROD0003,1,8.16,8.16,2026-07-21,PayPal,UT
TXN000066,CUST00090,PROD0009,6,331.35,1988.1,2026-05-18,Credit Card,AZ
TXN000067,CUST00112,PROD0001,5,442.23,2211.15,2025-10-19,Gift Card,MP
TXN000068,CUST00062,PROD0029,3,619.73,1859.19,2025-07-08,Credit Card,MT
TXN000069,CUST00033,PROD0031,1,285.94,285.94,2025-03-08,Gift Card,ME
TXN000070,CUST00063,PROD0005,5,636.56,3182.8,2025-02-24,Debit Card,AS
TXN000071,CUST00020,PROD0037,3,261.78,785.34,2025-03-29,Debit Card,RI
TXN000072,CUST00016,PROD0036,4,368.43,1473.72,2025-08-20,Bank Transfer,GA
TXN000073,CUST00049,PROD0029,4,619.73,2478.92,2025-11-01,Bank Transfer,WA
TXN000074,CUST00055,PROD0020,5,26.17,130.85,2025-03-03,Bank Transfer,WY
TXN000075,CUST00095,PROD0007,2,37.24,74.48,2025-08-05,PayPal,NV
TXN000076,CUST00085,PROD0006,2,72.33,144.66,2025-09-03,Debit Card,MP
TXN000077,CUST00071,PROD0005,2,636.56,1273.12,2025-01-03,Gift Card,AK
TXN000078,CUST00058,PROD0039,4,609.68,2438.72,2025-10-26,Credit Card,SD
TXN000079,CUST00030,PROD0019,6,278.14,1668.84,2025-10-17,Gift Card,IN
TXN000080,CUST00010,PROD0015,3,722.99,2168.97,2025-07-22,Gift Card,PW
TXN000081,CUST00015,PROD0035,2,674.57,1349.14,2025-06-02,PayPal,SC
TXN000082,CUST00106,PROD0010,1,193.01,193.01,2025-03-03,Debit Card,SD
TXN000083,CUST00102,PROD0020,5,26.17,130.85,2025-10-23,Gift Card,PW
TXN000084,CUST00016,PROD0030,6,391.0,2346.0,2025-11-08,Gift Card,GA
TXN000085,CUST00035,PROD0033,5,370.5,1852.5,2026-05-21,Gift Card,SC
TXN000086,CUST00011,PROD0039,1,609.68,609.68,2026-03-19,PayPal,UT
TXN000087,CUST00078,PROD0017,1,785.58,785.58,2025-04-04,Debit Card,MA
TXN000088,CUST00087,PROD0037,5,261.78,1308.9,2025-01-22,PayPal,AK
TXN000089,CUST00074,PROD0003,2,8.16,16.32,2026-04-27,Bank Transfer,GA
TXN000090,CUST00084,PROD0029,3,619.73,1859.19,2025-07-05,Bank Transfer,AS
TXN000091,CUST00056,PROD0032,1,810.53,810.53,2026-04-27,PayPal,VA
TXN000092,CUST00053,PROD0022,3,579.12,1737.36,2025-04-18,Debit Card,MN
TXN000093,CUST00043,PROD0027,6,810.05,4860.3,2026-05-23,PayPal,NV
TXN000094,CUST00085,PROD0026,5,547.55,2737.75,2025-02-07,Gift Card,MP
TXN000095,CUST00012,PROD0021,3,254.34,763.02,2025-11-28,Credit Card,SD
TXN000096,CUST00099,PROD0026,5,547.55,2737.75,2025-01-02,Bank Transfer,VA
TXN000097,CUST00060,PROD0027,1,810.05,810.05,2025-07-12,Bank Transfer,MH
TXN000098,CUST00047,PROD0040,4,156.86,627.44,2026-03-29,Credit Card,AK
TXN000099,CUST00027,PROD0018,5,183.61,918.05,2025-05-15,PayPal,MP
TXN000100,CUST00057,PROD0032,1,810.53,810.53,2025-01-30,Bank Transfer,OR
TXN000101,CUST00103,PROD0016,6,147.47,884.82,2025-06-12,PayPal,IN
TXN000102,CUST00071,PROD0001,5,442.23,2211.15,2026-02-22,Credit Card,AK
TXN000103,CUST00029,PROD0008,4,137.53,550.12,2025-05-01,Debit Card,TN
TXN000104,CUST00064,PROD0019,5,278.14,1390.7,2025-10-07,Gift Card,AS
TXN000105,CUST00107,PROD0031,4,285.94,1143.76,2025-09-07,Gift Card,WV
TXN000106,CUST00071,PROD0010,4,193.01,772.04,2025-07-15,Bank Transfer,AK
TXN000107,CUST00066,PROD0009,1,331.35,331.35,2025-10-10,Gift Card,GA
TXN000108,CUST00044,PROD0033,3,370.5,1111.5,2025-01-03,PayPal,IN
TXN000109,CUST00093,PROD0020,5,26.17,130.85,2026-05-17,Debit Card,AL
TXN000110,CUST00058,PROD0035,4,674.57,2698.28,2025-12-20,PayPal,SD
TXN000111,CUST00071,PROD0035,4,674.57,2698.28,2026-04-12,PayPal,AK
TXN000112,CUST00112,PROD0013,6,878.69,5272.14,2025-09-02,Bank Transfer,MP
TXN000113,CUST00050,PROD0015,4,722.99,2891.96,2025-02-14,PayPal,PA
TXN000114,CUST00096,PROD0031,6,285.94,1715.64,2026-01-26,Gift Card,ME
TXN000115,CUST00085,PROD0010,4,193.01,772.04,2025-02-07,Debit Card,MP
TXN000116,CUST00065,PROD0038,3,590.95,1772.85,2025-04-13,Gift Card,VT
TXN000117,CUST00013,PROD0034,4,118.91,475.64,2025-01-16,Debit Card,GU
TXN000118,CUST00053,PROD0010,1,193.01,193.01,2026-04-26,PayPal,MN
TXN000119,CUST00044,PROD0040,6,156.86,941.16,2026-02-12,Credit Card,IN
TXN000120,CUST00110,PROD0022,6,579.12,3474.72,2026-07-01,Gift Card,CA
TXN000121,CUST00041,PROD0032,5,810.53,4052.65,2025-02-06,Bank Transfer,MO
TXN000122,CUST00009,PROD0016,6,147.47,884.82,2025-10-22,Debit Card,ME
TXN000123,CUST00096,PROD0006,4,72.33,289.32,2025-04-11,Credit Card,ME
TXN000124,CUST00057,PROD0011,6,703.19,4219.14,2025-11-03,Credit Card,OR
TXN000125,CUST00006,PROD0021,1,254.34,254.34,2025-10-28,PayPal,DC
TXN000126,CUST00048,PROD0028,2,639.35,1278.7,2025-09-08,Bank Transfer,TN
TXN000127,CUST00053,PROD0037,6,261.78,1570.68,2025-07-04,Debit Card,MN
TXN000128,CUST00023,PROD0006,5,72.33,361.65,2026-01-27,Bank Transfer,CA
TXN000129,CUST00088,PROD0016,4,147.47,589.88,2025-05-27,Debit Card,CT
TXN000130,CUST00060,PROD0017,4,785.58,3142.32,2025-09-19,Credit Card,MH
TXN000131,CUST00116,PROD0030,3,391.0,1173.0,2026-07-14,Debit Card,PW
TXN000132,CUST00010,PROD0029,3,619.73,1859.19,2025-11-03,Gift Card,PW
TXN000133,CUST00089,PROD0017,4,785.58,3142.32,2025-11-06,Debit Card,AL
TXN000134,CUST00050,PROD0031,1,285.94,285.94,2025-08-31,Gift Card,PA
TXN000135,CUST00074,PROD0023,5,845.61,4228.05,2025-10-30,PayPal,GA
TXN000136,CUST00003,PROD0026,3,547.55,1642.65,2025-01-09,Bank Transfer,VA
TXN000137,CUST00111,PROD0004,5,881.91,4409.55,2026-05-24,PayPal,MT
TXN000138,CUST00100,PROD0015,5,722.99,3614.95,2025-12-27,Debit Card,WI
TXN000139,CUST00082,PROD0013,5,878.69,4393.45,2025-09-14,Debit Card,NY
TXN000140,CUST00081,PROD0007,6,37.24,223.44,2025-02-10,PayPal,AL
TXN000141,CUST00101,PROD0029,1,619.73,619.73,2026-01-09,Debit Card,TN
TXN000142,CUST00012,PROD0019,3,278.14,834.42,2026-03-02,Debit Card,SD
TXN000143,CUST00026,PROD0009,5,331.35,1656.75,2026-01-10,Bank Transfer,KY
TXN000144,CUST00065,PROD0018,2,183.61,367.22,2025-09-21,Gift Card,VT
TXN000145,CUST00104,PROD0019,6,278.14,1668.84,2025-12-13,Credit Card,RI
TXN000146,CUST00060,PROD0005,2,636.56,1273.12,2025-08-20,Gift Card,MH
TXN000147,CUST00109,PROD0036,3,368.43,1105.29,2025-04-03,Gift Card,ND
TXN000148,CUST00002,PROD0017,5,785.58,3927.9,2025-05-07,Gift Card,WI
TXN000149,CUST00048,PROD0017,5,785.58,3927.9,2026-01-26,PayPal,TN
TXN000150,CUST00014,PROD0015,4,722.99,2891.96,2025-01-26,Bank Transfer,LA
TXN000151,CUST00114,PROD0036,3,368.43,1105.29,2025-08-15,Credit Card,MA
TXN000152,CUST00082,PROD0030,6,391.0,2346.0,2025-11-06,Gift Card,NY
TXN000153,CUST00015,PROD0009,1,331.35,331.35,2025-02-08,PayPal,SC
TXN000154,CUST00064,PROD0008,1,137.53,137.53,2025-08-29,Bank Transfer,AS
TXN000155,CUST00018,PROD0025,4,538.92,2155.68,2026-01-15,Bank Transfer,NH
TXN000156,CUST00054,PROD0038,6,590.95,3545.7,2025-06-08,Gift Card,NM
TXN000157,CUST00084,PROD0007,4,37.24,148.96,2026-02-22,PayPal,AS
TXN000158,CUST00005,PROD0024,2,524.62,1049.24,2026-03-31,Gift Card,NJ
TXN000159,CUST00031,PROD0024,1,524.62,524.62,2026-01-12,Bank Transfer,WY
TXN000160,CUST00116,PROD0023,1,845.61,845.61,2026-02-12,PayPal,PW
TXN000161,CUST00025,PROD0008,4,137.53,550.12,2025-04-04,Debit Card,DE
TXN000162,CUST00083,PROD0039,1,609.68,609.68,2025-02-21,PayPal,NY
TXN000163,CUST00032,PROD0009,5,331.35,1656.75,2025-07-30,Credit Card,IA
TXN000164,CUST00107,PROD0036,2,368.43,736.86,2025-08-10,Debit Card,WV
TXN000165,CUST00043,PROD0010,5,193.01,965.05,2025-01-03,PayPal,NV
TXN000166,CUST00110,PROD0010,2,193.01,386.02,2026-07-08,PayPal,CA
TXN000167,CUST00103,PROD0012,1,675.77,675.77,2025-01-27,Debit Card,IN
TXN000168,CUST00002,PROD0023,2,845.61,1691.22,2025-11-28,Credit Card,WI
TXN000169,CUST00023,PROD0017,1,785.58,785.58,2025-05-10,Gift Card,CA
TXN000170,CUST00068,PROD0008,6,137.53,825.18,2025-03-07,Gift Card,NV
TXN000171,CUST00058,PROD0024,5,524.62,2623.1,2025-04-22,Gift Card,SD
TXN000172,CUST00065,PROD0015,5,722.99,3614.95,2025-02-14,Bank Transfer,VT
TXN000173,CUST00039,PROD0030,6,391.0,2346.0,2025-02-01,Credit Card,NH
TXN000174,CUST00062,PROD0026,4,547.55,2190.2,2025-04-21,Gift Card,MT
TXN000175,CUST00092,PROD0029,1,619.73,619.73,2025-03-24,PayPal,IA
TXN000176,CUST00078,PROD0010,1,193.01,193.01,2025-05-10,PayPal,MA
TXN000177,CUST00080,PROD0038,5,590.95,2954.75,2025-11-29,Gift Card,GA
TXN000178,CUST00077,PROD0034,3,118.91,356.73,2026-04-10,Bank Transfer,AL
TXN000179,CUST00078,PROD0028,1,639.35,639.35,2025-04-28,Bank Transfer,MA
TXN000180,CUST00093,PROD0014,4,27.17,108.68,2026-04-08,Debit Card,AL
TXN000181,CUST00053,PROD0022,4,579.12,2316.48,2026-02-13,Gift Card,MN
TXN000182,CUST00094,PROD0007,3,37.24,111.72,2026-03-14,PayPal,AR
TXN000183,CUST00086,PROD0017,3,785.58,2356.74,2025-06-06,Gift Card,TN
TXN000184,CUST00009,PROD0006,1,72.33,72.33,2025-04-06,Gift Card,ME
TXN000185,CUST00013,PROD0024,2,524.62,1049.24,2026-07-24,Credit Card,GU
TXN000186,CUST00076,PROD0036,5,368.43,1842.15,2025-12-04,Credit Card,LA
TXN000187,CUST00053,PROD0023,6,845.61,5073.66,2026-03-10,Credit Card,MN
TXN000188,CUST00037,PROD0039,3,609.68,1829.04,2025-12-27,Credit Card,FM
TXN000189,CUST00074,PROD0033,2,370.5,741.0,2025-06-08,Gift Card,GA
TXN000190,CUST00029,PROD0007,3,37.24,111.72,2026-07-24,PayPal,TN
TXN000191,CUST00015,PROD0018,5,183.61,918.05,2025-08-20,Gift Card,SC
TXN000192,CUST00109,PROD0036,5,368.43,1842.15,2026-07-25,Credit Card,ND
TXN000193,CUST00078,PROD0018,1,183.61,183.61,2025-07-04,PayPal,MA
TXN000194,CUST00090,PROD0020,3,26.17,78.51,2025-12-26,Credit Card,AZ
TXN000195,CUST00024,PROD0010,5,193.01,965.05,2026-02-15,Credit Card,RI
TXN000196,CUST00019,PROD0002,1,572.67,572.67,2026-06-28,Debit Card,NM
TXN000197,CUST00049,PROD0027,4,810.05,3240.2,2025-12-16,Debit Card,WA
TXN000198,CUST00048,PROD0020,6,26.17,157.02,2025-11-29,Bank Transfer,TN
TXN000199,CUST00077,PROD0006,1,72.33,72.33,2025-06-09,Debit Card,AL
TXN000200,CUST00097,PROD0040,1,156.86,156.86,2025-03-25,PayPal,SC
TXN000201,CUST00057,PROD0028,4,639.35,2557.4,2026-03-29,Gift Card,OR
TXN000202,CUST00035,PROD0014,5,27.17,135.85,2025-04-27,PayPal,SC
TXN000203,CUST00056,PROD0008,3,137.53,412.59,2026-05-14,Bank Transfer,VA
TXN000204,CUST00086,PROD0020,1,26.17,26.17,2025-08-14,Gift Card,TN
TXN000205,CUST00077,PROD0004,1,881.91,881.91,2025-07-29,PayPal,AL
TXN000206,CUST00028,PROD0009,3,331.35,994.05,2025-10-24,PayPal,CA
TXN000207,CUST00016,PROD0001,4,442.23,1768.92,2026-03-17,Debit Card,GA
TXN000208,CUST00017,PROD0025,5,538.92,2694.6,2025-08-24,Bank Transfer,NV
TXN000209,CUST00072,PROD0023,1,845.61,845.61,2026-02-11,Credit Card,AS
TXN000210,CUST00056,PROD0002,4,572.67,2290.68,2025-03-21,PayPal,VA
TXN000211,CUST00074,PROD0028,5,639.35,3196.75,2026-02-19,Gift Card,GA
TXN000212,CUST00038,PROD0008,4,137.53,550.12,2025-01-22,PayPal,NJ
TXN000213,CUST00022,PROD0040,4,156.86,627.44,2026-01-06,Credit Card,SD
TXN000214,CUST00056,PROD0007,2,37.24,74.48,2026-03-23,Bank Transfer,VA
TXN000215,CUST00052,PROD0034,1,118.91,118.91,2026-02-10,PayPal,PW
TXN000216,CUST00096,PROD0022,2,579.12,1158.24,2025-12-08,Debit Card,ME
TXN000217,CUST00010,PROD0033,6,370.5,2223.0,2025-04-27,Bank Transfer,PW
TXN000218,CUST00066,PROD0013,3,878.69,2636.07,2025-12-26,Debit Card,GA
TXN000219,CUST00031,PROD0007,2,37.24,74.48,2025-09-20,Debit Card,WY
TXN000220,CUST00023,PROD0039,2,609.68,1219.36,2025-03-19,Debit Card,CA
TXN000221,CUST00099,PROD0032,4,810.53,3242.12,2026-04-05,Bank Transfer,VA
TXN000222,CUST00083,PROD0040,3,156.86,470.58,2025-11-20,Debit Card,NY
TXN000223,CUST00057,PROD0005,4,636.56,2546.24,2026-03-29,PayPal,OR
TXN000224,CUST00102,PROD0018,5,183.61,918.05,2025-02-27,PayPal,PW
TXN000225,CUST00065,PROD0005,3,636.56,1909.68,2026-04-18,Gift Card,VT
TXN000226,CUST00005,PROD0004,3,881.91,2645.73,2025-10-21,Credit Card,NJ
TXN000227,CUST00083,PROD0006,5,72.33,361.65,2026-06-04,Gift Card,NY
TXN000228,CUST00060,PROD0038,5,590.95,2954.75,2025-02-12,Gift Card,MH
TXN000229,CUST00117,PROD0037,6,261.78,1570.68,2025-07-12,PayPal,VI
TXN000230,CUST00078,PROD0031,5,285.94,1429.7,2025-06-04,Credit Card,MA
TXN000231,CUST00058,PROD0007,3,37.24,111.72,2025-03-28,Bank Transfer,SD
TXN000232,CUST00083,PROD0012,1,675.77,675.77,2025-09-11,Gift Card,NY
TXN000233,CUST00057,PROD0034,5,118.91,594.55,2025-06-12,PayPal,OR
TXN000234,CUST00048,PROD0019,4,278.14,1112.56,2026-02-23,PayPal,TN
TXN000235,CUST00087,PROD0039,1,609.68,609.68,2025-12-09,Credit Card,AK
TXN000236,CUST00043,PROD0007,5,37.24,186.2,2026-01-31,PayPal,NV
TXN000237,CUST00033,PROD0039,2,609.68,1219.36,2025-12-08,Credit Card,ME
TXN000238,CUST00075,PROD0010,3,193.01,579.03,2025-11-14,Gift Card,IL
TXN000239,CUST00017,PROD0039,6,609.68,3658.08,2025-03-28,PayPal,NV
TXN000240,CUST00072,PROD0025,6,538.92,3233.52,2025-12-03,Debit Card,AS
TXN000241,CUST00086,PROD0034,1,118.91,118.91,2026-03-10,Bank Transfer,TN
TXN000242,CUST00047,PROD0002,3,572.67,1718.01,2025-11-13,Debit Card,AK
TXN000243,CUST00028,PROD0022,4,579.12,2316.48,2025-07-16,Debit Card,CA
TXN000244,CUST00018,PROD0010,1,193.01,193.01,2025-10-30,Credit Card,NH
TXN000245,CUST00065,PROD0035,6,674.57,4047.42,2026-06-24,Credit Card,VT
TXN000246,CUST00085,PROD0022,5,579.12,2895.6,2025-05-15,Bank Transfer,MP
TXN000247,CUST00049,PROD0010,2,193.01,386.02,2025-07-05,Bank Transfer,WA
TXN000248,CUST00104,PROD0011,6,703.19,4219.14,2026-03-25,Credit Card,RI
TXN000249,CUST00053,PROD0024,6,524.62,3147.72,2025-09-01,Gift Card,MN
TXN000250,CUST00079,PROD0019,6,278.14,1668.84,2026-04-05,Debit Card,NJ
TXN000251,CUST00069,PROD0016,3,147.47,442.41,2026-04-26,Debit Card,FL
TXN000252,CUST00048,PROD0037,4,261.78,1047.12,2026-04-18,PayPal,TN
TXN000253,CUST00100,PROD0025,5,538.92,2694.6,2026-06-25,Gift Card,WI
TXN000254,CUST00021,PROD0013,5,878.69,4393.45,2025-05-22,PayPal,SC
TXN000255,CUST00007,PROD0031,3,285.94,857.82,2026-07-22,Credit Card,AZ
TXN000256,CUST00092,PROD0034,1,118.91,118.91,2025-10-19,Credit Card,IA
TXN000257,CUST00098,PROD0011,3,703.19,2109.57,2026-04-06,Bank Transfer,NJ
TXN000258,CUST00019,PROD0028,1,639.35,639.35,2025-08-16,Gift Card,NM
TXN000259,CUST00114,PROD0023,1,845.61,845.61,2026-03-01,Credit Card,MA
TXN000260,CUST00051,PROD0033,3,370.5,1111.5,2025-08-30,Gift Card,MP
TXN000261,CUST00011,PROD0024,2,524.62,1049.24,2025-01-29,PayPal,UT
TXN000262,CUST00120,PROD0007,6,37.24,223.44,2025-12-10,Debit Card,MD
TXN000263,CUST00018,PROD0003,3,8.16,24.48,2026-04-29,Debit Card,NH
TXN000264,CUST00098,PROD0031,4,285.94,1143.76,2025-01-06,Credit Card,NJ
TXN000265,CUST00003,PROD0017,2,785.58,1571.16,2025-06-03,Bank Transfer,VA
TXN000266,CUST00094,PROD0039,5,609.68,3048.4,2026-03-10,Credit Card,AR
TXN000267,CUST00100,PROD0019,2,278.14,556.28,2025-11-05,Credit Card,WI
TXN000268,CUST00007,PROD0016,4,147.47,589.88,2026-04-14,Credit Card,AZ
TXN000269,CUST00015,PROD0032,5,810.53,4052.65,2026-07-03,Credit Card,SC
TXN000270,CUST00081,PROD0033,5,370.5,1852.5,2025-09-05,Debit Card,AL
TXN000271,CUST00038,PROD0028,1,639.35,639.35,2025-12-28,Debit Card,NJ
TXN000272,CUST00074,PROD0027,2,810.05,1620.1,2025-03-29,Bank Transfer,GA
TXN000273,CUST00047,PROD0005,5,636.56,3182.8,2026-07-12,Bank Transfer,AK
TXN000274,CUST00101,PROD0033,5,370.5,1852.5,2025-01-21,Gift Card,TN
TXN000275,CUST00112,PROD0031,1,285.94,285.94,2026-02-01,PayPal,MP
TXN000276,CUST00033,PROD0002,3,572.67,1718.01,2025-03-11,PayPal,ME
TXN000277,CUST00031,PROD0007,5,37.24,186.2,2025-12-07,Debit Card,WY
TXN000278,CUST00006,PROD0023,5,845.61,4228.05,2025-12-13,Debit Card,DC
TXN000279,CUST00107,PROD0030,6,391.0,2346.0,2026-05-06,Debit Card,WV
TXN000280,CUST00104,PROD0009,1,331.35,331.35,2026-04-14,Credit Card,RI
TXN000281,CUST00038,PROD0013,1,878.69,878.69,2025-07-24,Credit Card,NJ
TXN000282,CUST00041,PROD0020,5,26.17,130.85,2026-02-12,Bank Transfer,MO
TXN000283,CUST00061,PROD0017,1,785.58,785.58,2025-07-15,PayPal,WI
TXN000284,CUST00046,PROD0004,6,881.91,5291.46,2025-12-06,PayPal,KS
TXN000285,CUST00016,PROD0024,4,524.62,2098.48,2026-02-14,Gift Card,GA
TXN000286,CUST00115,PROD0025,3,538.92,1616.76,2025-07-11,Gift Card,GA
TXN000287,CUST00089,PROD0032,3,810.53,2431.59,2026-06-16,PayPal,AL
TXN000288,CUST00103,PROD0006,6,72.33,433.98,2026-03-11,Credit Card,IN
TXN000289,CUST00056,PROD0039,2,609.68,1219.36,2026-07-13,PayPal,VA
TXN000290,CUST00042,PROD0007,1,37.24,37.24,2025-12-02,PayPal,DE
TXN000291,CUST00040,PROD0029,5,619.73,3098.65,2026-03-13,Debit Card,AL
TXN000292,CUST00089,PROD0029,3,619.73,1859.19,2026-04-03,Credit Card,AL
TXN000293,CUST00094,PROD0023,5,845.61,4228.05,2026-03-22,PayPal,AR
TXN000294,CUST00082,PROD0004,1,881.91,881.91,2026-02-20,PayPal,NY
TXN000295,CUST00066,PROD0011,1,703.19,703.19,2025-05-27,Bank Transfer,GA
TXN000296,CUST00087,PROD0029,1,619.73,619.73,2025-05-10,Credit Card,AK
TXN000297,CUST00031,PROD0024,3,524.62,1573.86,2026-01-28,Bank Transfer,WY
TXN000298,CUST00005,PROD0039,2,609.68,1219.36,2026-04-06,PayPal,NJ
TXN000299,CUST00048,PROD0029,1,619.73,619.73,2025-05-21,Bank Transfer,TN
TXN000300,CUST00047,PROD0026,3,547.55,1642.65,2025-10-13,Debit Card,AK
TXN000301,CUST00015,PROD0002,6,572.67,3436.02,2025-07-10,Gift Card,SC
TXN000302,CUST00067,PROD0025,5,538.92,2694.6,2025-05-01,PayPal,MA
TXN000303,CUST00100,PROD0017,6,785.58,4713.48,2026-04-02,Debit Card,WI
TXN000304,CUST00079,PROD0019,6,278.14,1668.84,2026-05-18,Debit Card,NJ
TXN000305,CUST00016,PROD0009,1,331.35,331.35,2026-04-08,Debit Card,GA
TXN000306,CUST00116,PROD0029,1,619.73,619.73,2025-11-24,PayPal,PW
TXN000307,CUST00091,PROD0005,5,636.56,3182.8,2026-07-10,PayPal,NH
TXN000308,CUST00115,PROD0020,2,26.17,52.34,2025-06-28,PayPal,GA
TXN000309,CUST00066,PROD0015,1,722.99,722.99,2025-07-25,Debit Card,GA
TXN000310,CUST00031,PROD0032,1,810.53,810.53,2026-01-05,Bank Transfer,WY
TXN000311,CUST00074,PROD0024,4,524.62,2098.48,2026-07-19,Debit Card,GA
TXN000312,CUST00079,PROD0006,1,72.33,72.33,2025-11-13,Gift Card,NJ
TXN000313,CUST00092,PROD0031,5,285.94,1429.7,2026-02-25,Gift Card,IA
TXN000314,CUST00106,PROD0037,1,261.78,261.78,2025-05-09,PayPal,SD
TXN000315,CUST00083,PROD0005,4,636.56,2546.24,2026-04-23,Bank Transfer,NY
TXN000316,CUST00045,PROD0009,5,331.35,1656.75,2025-07-06,Debit Card,AR
TXN000317,CUST00056,PROD0033,1,370.5,370.5,2025-05-08,Bank Transfer,VA
TXN000318,CUST00020,PROD0020,2,26.17,52.34,2025-06-15,PayPal,RI
TXN000319,CUST00120,PROD0015,3,722.99,2168.97,2026-06-16,PayPal,MD
TXN000320,CUST00109,PROD0006,3,72.33,216.99,2025-07-21,Bank Transfer,ND
TXN000321,CUST00036,PROD0009,6,331.35,1988.1,2025-11-07,Bank Transfer,UT
TXN000322,CUST00069,PROD0006,5,72.33,361.65,2025-06-22,Bank Transfer,FL
TXN000323,CUST00075,PROD0010,2,193.01,386.02,2025-12-12,Bank Transfer,IL
TXN000324,CUST00006,PROD0002,1,572.67,572.67,2025-02-16,Bank Transfer,DC
TXN000325,CUST00034,PROD0014,5,27.17,135.85,2026-03-03,Bank Transfer,UT
TXN000326,CUST00082,PROD0002,4,572.67,2290.68,2026-07-13,PayPal,NY
TXN000327,CUST00083,PROD0020,4,26.17,104.68,2025-09-08,Gift Card,NY
TXN000328,CUST00039,PROD0030,1,391.0,391.0,2025-03-03,Debit Card,NH
TXN000329,CUST00057,PROD0027,4,810.05,3240.2,2026-04-21,Debit Card,OR
TXN000330,CUST00044,PROD0039,2,609.68,1219.36,2025-11-17,PayPal,IN
TXN000331,CUST00094,PROD0023,4,845.61,3382.44,2025-05-14,PayPal,AR
TXN000332,CUST00066,PROD0036,1,368.43,368.43,2025-11-23,Debit Card,GA
TXN000333,CUST00060,PROD0008,3,137.53,412.59,2026-04-06,Debit Card,MH
TXN000334,CUST00019,PROD0007,1,37.24,37.24,2025-10-25,Gift Card,NM
TXN000335,CUST00111,PROD0040,4,156.86,627.44,2025-09-12,Debit Card,MT
TXN000336,CUST00105,PROD0021,5,254.34,1271.7,2025-11-17,Debit Card,NY
TXN000337,CUST00098,PROD0011,4,703.19,2812.76,2026-06-12,Gift Card,NJ
TXN000338,CUST00064,PROD0020,4,26.17,104.68,2025-01-24,Credit Card,AS
TXN000339,CUST00051,PROD0033,4,370.5,1482.0,2025-09-04,Debit Card,MP
TXN000340,CUST00075,PROD0023,1,845.61,845.61,2025-02-21,PayPal,IL
TXN000341,CUST00064,PROD0039,6,609.68,3658.08,2026-04-27,PayPal,AS
TXN000342,CUST00069,PROD0001,1,442.23,442.23,2026-03-18,Debit Card,FL
TXN000343,CUST00113,PROD0017,6,785.58,4713.48,2026-01-10,Gift Card,AK
TXN000344,CUST00047,PROD0003,4,8.16,32.64,2025-02-22,Bank Transfer,AK
TXN000345,CUST00072,PROD0013,3,878.69,2636.07,2026-07-21,PayPal,AS
TXN000346,CUST00010,PROD0025,5,538.92,2694.6,2026-04-07,Bank Transfer,PW
TXN000347,CUST00036,PROD0040,6,156.86,941.16,2025-05-02,Debit Card,UT
TXN000348,CUST00013,PROD0026,3,547.55,1642.65,2025-12-14,Bank Transfer,GU
TXN000349,CUST00047,PROD0010,2,193.01,386.02,2026-06-06,Gift Card,AK
TXN000350,CUST00065,PROD0003,1,8.16,8.16,2025-02-09,Debit Card,VT
TXN000351,CUST00092,PROD0022,4,579.12,2316.48,2026-06-16,Gift Card,IA
TXN000352,CUST00020,PROD0039,5,609.68,3048.4,2025-05-24,PayPal,RI
TXN000353,CUST00120,PROD0040,3,156.86,470.58,2025-06-16,Gift Card,MD
TXN000354,CUST00079,PROD0020,5,26.17,130.85,2025-12-11,Bank Transfer,NJ
TXN000355,CUST00107,PROD0033,5,370.5,1852.5,2026-05-17,Bank Transfer,WV
TXN000356,CUST00039,PROD0031,1,285.94,285.94,2026-01-13,PayPal,NH
TXN000357,CUST00087,PROD0008,4,137.53,550.12,2025-11-12,Credit Card,AK
TXN000358,CUST00077,PROD0031,3,285.94,857.82,2025-08-22,Credit Card,AL
TXN000359,CUST00075,PROD0031,2,285.94,571.88,2026-06-21,Bank Transfer,IL
TXN000360,CUST00100,PROD0025,2,538.92,1077.84,2025-09-06,Credit Card,WI
TXN000361,CUST00074,PROD0008,2,137.53,275.06,2025-01-20,Gift Card,GA
TXN000362,CUST00041,PROD0027,2,810.05,1620.1,2026-02-27,Debit Card,MO
TXN000363,CUST00053,PROD0033,5,370.5,1852.5,2026-04-28,Credit Card,MN
TXN000364,CUST00091,PROD0009,5,331.35,1656.75,2025-08-01,Bank Transfer,NH
TXN000365,CUST00042,PROD0031,5,285.94,1429.7,2026-01-21,PayPal,DE
TXN000366,CUST00023,PROD0030,5,391.0,1955.0,2025-12-17,Bank Transfer,CA
TXN000367,CUST00046,PROD0017,5,785.58,3927.9,2026-05-11,Debit Card,KS
TXN000368,CUST00032,PROD0018,5,183.61,918.05,2025-11-02,Debit Card,IA
TXN000369,CUST00039,PROD0019,6,278.14,1668.84,2025-08-01,Gift Card,NH
TXN000370,CUST00041,PROD0031,3,285.94,857.82,2025-10-08,PayPal,MO
TXN000371,CUST00016,PROD0037,6,261.78,1570.68,2026-07-11,Gift Card,GA
TXN000372,CUST00115,PROD0026,3,547.55,1642.65,2025-05-30,PayPal,GA
TXN000373,CUST00006,PROD0019,6,278.14,1668.84,2025-03-22,PayPal,DC
TXN000374,CUST00119,PROD0029,6,619.73,3718.38,2025-09-20,Gift Card,MT
TXN000375,CUST00028,PROD0013,5,878.69,4393.45,2025-10-05,Bank Transfer,CA
TXN000376,CUST00090,PROD0018,2,183.61,367.22,2025-04-22,Bank Transfer,AZ
TXN000377,CUST00095,PROD0038,2,590.95,1181.9,2025-09-06,Credit Card,NV
TXN000378,CUST00086,PROD0034,2,118.91,237.82,2025-08-27,Credit Card,TN
TXN000379,CUST00013,PROD0027,3,810.05,2430.15,2026-04-29,Credit Card,GU
TXN000380,CUST00088,PROD0009,1,331.35,331.35,2026-07-18,Debit Card,CT
TXN000381,CUST00053,PROD0031,4,285.94,1143.76,2025-07-24,PayPal,MN
TXN000382,CUST00042,PROD0019,6,278.14,1668.84,2025-03-02,Credit Card,DE
TXN000383,CUST00084,PROD0037,2,261.78,523.56,2026-07-02,Credit Card,AS
TXN000384,CUST00117,PROD0012,4,675.77,2703.08,2025-06-30,Credit Card,VI
TXN000385,CUST00108,PROD0026,4,547.55,2190.2,2025-07-10,PayPal,DC
TXN000386,CUST00113,PROD0003,1,8.16,8.16,2025-11-02,Bank Transfer,AK
TXN000387,CUST00078,PROD0007,3,37.24,111.72,2025-10-19,Gift Card,MA
TXN000388,CUST00083,PROD0035,5,674.57,3372.85,2026-05-21,Debit Card,NY
TXN000389,CUST00109,PROD0033,4,370.5,1482.0,2025-10-07,Debit Card,ND
TXN000390,CUST00104,PROD0008,3,137.53,412.59,2025-06-16,Gift Card,RI
TXN000391,CUST00083,PROD0017,6,785.58,4713.48,2025-07-10,Credit Card,NY
TXN000392,CUST00095,PROD0022,3,579.12,1737.36,2025-07-17,Debit Card,NV
TXN000393,CUST00079,PROD0026,4,547.55,2190.2,2026-06-12,PayPal,NJ
TXN000394,CUST00012,PROD0026,6,547.55,3285.3,2025-04-08,Debit Card,SD
TXN000395,CUST00018,PROD0031,3,285.94,857.82,2025-09-12,Credit Card,NH
TXN000396,CUST00034,PROD0025,2,538.92,1077.84,2026-04-03,PayPal,UT
TXN000397,CUST00043,PROD0020,5,26.17,130.85,2025-01-12,PayPal,NV
TXN000398,CUST00084,PROD0024,6,524.62,3147.72,2025-08-30,Credit Card,AS
TXN000399,CUST00086,PROD0008,4,137.53,550.12,2025-11-11,Debit Card,TN
TXN000400,CUST00052,PROD0033,6,370.5,2223.0,2025-11-15,Credit Card,PW
TXN000401,CUST00082,PROD0019,3,278.14,834.42,2025-08-15,Debit Card,NY
TXN000402,CUST00018,PROD0031,2,285.94,571.88,2026-04-11,Bank Transfer,NH
TXN000403,CUST00048,PROD0027,6,810.05,4860.3,2026-07-17,Gift Card,TN
TXN000404,CUST00097,PROD0035,6,674.57,4047.42,2025-08-12,Debit Card,SC
TXN000405,CUST00088,PROD0039,1,609.68,609.68,2026-06-23,Gift Card,CT
TXN000406,CUST00068,PROD0024,1,524.62,524.62,2025-04-25,Credit Card,NV
TXN000407,CUST00107,PROD0036,5,368.43,1842.15,2025-07-27,Bank Transfer,WV
TXN000408,CUST00069,PROD0010,2,193.01,386.02,2025-12-02,Bank Transfer,FL
TXN000409,CUST00057,PROD0008,6,137.53,825.18,2025-07-30,Bank Transfer,OR
TXN000410,CUST00063,PROD0006,5,72.33,361.65,2026-04-02,Credit Card,AS
TXN000411,CUST00059,PROD0009,5,331.35,1656.75,2026-03-02,Gift Card,ND
TXN000412,CUST00073,PROD0004,5,881.91,4409.55,2026-04-19,PayPal,DC
TXN000413,CUST00093,PROD0002,4,572.67,2290.68,2025-09-18,Credit Card,AL
TXN000414,CUST00096,PROD0014,5,27.17,135.85,2025-03-16,Credit Card,ME
TXN000415,CUST00055,PROD0023,6,845.61,5073.66,2025-03-07,Bank Transfer,WY
TXN000416,CUST00008,PROD0005,4,636.56,2546.24,2025-02-02,PayPal,KY
TXN000417,CUST00053,PROD0012,2,675.77,1351.54,2026-03-07,PayPal,MN
TXN000418,CUST00115,PROD0025,4,538.92,2155.68,2026-01-22,Gift Card,GA
TXN000419,CUST00011,PROD0035,2,674.57,1349.14,2025-12-23,Credit Card,UT
TXN000420,CUST00023,PROD0035,4,674.57,2698.28,2026-06-26,Debit Card,CA
TXN000421,CUST00094,PROD0015,1,722.99,722.99,2025-01-24,PayPal,AR
TXN000422,CUST00060,PROD0035,4,674.57,2698.28,2026-06-29,Gift Card,MH
TXN000423,CUST00106,PROD0015,2,722.99,1445.98,2026-04-17,PayPal,SD
TXN000424,CUST00020,PROD0018,2,183.61,367.22,2025-04-26,Credit Card,RI
TXN000425,CUST00104,PROD0027,5,810.05,4050.25,2025-01-17,Debit Card,RI
TXN000426,CUST00027,PROD0005,1,636.56,636.56,2025-02-04,Gift Card,MP
TXN000427,CUST00077,PROD0004,2,881.91,1763.82,2025-02-15,Gift Card,AL
TXN000428,CUST00057,PROD0015,5,722.99,3614.95,2025-08-11,Credit Card,OR
TXN000429,CUST00018,PROD0033,3,370.5,1111.5,2025-08-28,Bank Transfer,NH
TXN000430,CUST00041,PROD0037,5,261.78,1308.9,2025-11-25,Debit Card,MO
TXN000431,CUST00039,PROD0010,6,193.01,1158.06,2026-06-18,Debit Card,NH
TXN000432,CUST00053,PROD0020,3,26.17,78.51,2025-03-04,Bank Transfer,MN
TXN000433,CUST00076,PROD0012,6,675.77,4054.62,2026-03-14,Bank Transfer,LA
TXN000434,CUST00064,PROD0004,3,881.91,2645.73,2026-01-26,Bank Transfer,AS
TXN000435,CUST00041,PROD0027,4,810.05,3240.2,2025-06-02,PayPal,MO
TXN000436,CUST00049,PROD0012,5,675.77,3378.85,2026-04-30,Debit Card,WA
TXN000437,CUST00109,PROD0015,3,722.99,2168.97,2025-05-28,Gift Card,ND
TXN000438,CUST00118,PROD0004,5,881.91,4409.55,2026-02-27,Gift Card,OK
TXN000439,CUST00072,PROD0034,2,118.91,237.82,2026-02-02,Debit Card,AS
TXN000440,CUST00033,PROD0014,3,27.17,81.51,2025-03-22,Gift Card,ME
TXN000441,CUST00109,PROD0024,1,524.62,524.62,2026-07-03,Debit Card,ND
TXN000442,CUST00007,PROD0018,4,183.61,734.44,2025-02-10,Credit Card,AZ
TXN000443,CUST00025,PROD0038,6,590.95,3545.7,2025-08-11,Gift Card,DE
TXN000444,CUST00027,PROD0022,3,579.12,1737.36,2025-01-16,Debit Card,MP
TXN000445,CUST00120,PROD0013,6,878.69,5272.14,2025-05-01,Gift Card,MD
TXN000446,CUST00118,PROD0016,6,147.47,884.82,2025-07-29,Gift Card,OK
TXN000447,CUST00118,PROD0016,5,147.47,737.35,2025-11-26,PayPal,OK
TXN000448,CUST00049,PROD0030,5,391.0,1955.0,2026-01-03,PayPal,WA
TXN000449,CUST00034,PROD0024,5,524.62,2623.1,2026-05-25,Gift Card,UT
TXN000450,CUST00013,PROD0031,3,285.94,857.82,2025-07-28,PayPal,GU
TXN000451,CUST00041,PROD0027,1,810.05,810.05,2025-08-15,Debit Card,MO
TXN000452,CUST00003,PROD0017,5,785.58,3927.9,2026-03-04,PayPal,VA
TXN000453,CUST00020,PROD0013,3,878.69,2636.07,2025-08-24,Gift Card,RI
TXN000454,CUST00073,PROD0016,4,147.47,589.88,2026-07-18,PayPal,DC
TXN000455,CUST00033,PROD0032,6,810.53,4863.18,2026-05-18,Gift Card,ME
TXN000456,CUST00022,PROD0023,2,845.61,1691.22,2025-05-24,Bank Transfer,SD
TXN000457,CUST00063,PROD0012,5,675.77,3378.85,2025-03-02,Bank Transfer,AS
TXN000458,CUST00005,PROD0005,6,636.56,3819.36,2025-02-19,Credit Card,NJ
TXN000459,CUST00053,PROD0009,6,331.35,1988.1,2025-08-25,Credit Card,MN
TXN000460,CUST00091,PROD0010,1,193.01,193.01,2025-08-12,Bank Transfer,NH
TXN000461,CUST00059,PROD0024,1,524.62,524.62,2026-05-10,Gift Card,ND
TXN000462,CUST00003,PROD0001,5,442.23,2211.15,2026-07-19,Gift Card,VA
TXN000463,CUST00002,PROD0002,5,572.67,2863.35,2025-10-09,Bank Transfer,WI
TXN000464,CUST00037,PROD0002,5,572.67,2863.35,2026-03-17,Debit Card,FM
TXN000465,CUST00014,PROD0007,5,37.24,186.2,2025-06-02,Debit Card,LA
TXN000466,CUST00025,PROD0040,5,156.86,784.3,2025-09-16,PayPal,DE
TXN000467,CUST00035,PROD0026,1,547.55,547.55,2026-01-18,Gift Card,SC
TXN000468,CUST00059,PROD0037,2,261.78,523.56,2025-08-20,PayPal,ND
TXN000469,CUST00088,PROD0006,6,72.33,433.98,2025-02-02,Credit Card,CT
TXN000470,CUST00052,PROD0025,4,538.92,2155.68,2026-07-20,Gift Card,PW
TXN000471,CUST00008,PROD0001,6,442.23,2653.38,2025-06-25,Credit Card,KY
TXN000472,CUST00064,PROD0028,6,639.35,3836.1,2025-12-06,Bank Transfer,AS
TXN000473,CUST00110,PROD0007,5,37.24,186.2,2025-02-13,Debit Card,CA
TXN000474,CUST00028,PROD0037,4,261.78,1047.12,2025-10-05,Credit Card,CA
TXN000475,CUST00119,PROD0005,6,636.56,3819.36,2025-10-15,Bank Transfer,MT
TXN000476,CUST00073,PROD0003,2,8.16,16.32,2025-11-19,Credit Card,DC
TXN000477,CUST00027,PROD0038,2,590.95,1181.9,2026-02-12,Credit Card,MP
TXN000478,CUST00039,PROD0011,5,703.19,3515.95,2025-09-04,Bank Transfer,NH
TXN000479,CUST00107,PROD0025,6,538.92,3233.52,2026-07-08,PayPal,WV
TXN000480,CUST00050,PROD0009,6,331.35,1988.1,2025-03-22,Bank Transfer,PA
TXN000481,CUST00096,PROD0023,1,845.61,845.61,2025-04-11,Gift Card,ME
TXN000482,CUST00030,PROD0005,3,636.56,1909.68,2026-02-11,PayPal,IN
TXN000483,CUST00004,PROD0018,4,183.61,734.44,2026-05-18,Debit Card,CA
TXN000484,CUST00046,PROD0036,4,368.43,1473.72,2026-03-19,Debit Card,KS
TXN000485,CUST00088,PROD0038,6,590.95,3545.7,2026-01-25,Credit Card,CT
TXN000486,CUST00099,PROD0040,3,156.86,470.58,2025-09-10,Credit Card,VA
TXN000487,CUST00011,PROD0018,2,183.61,367.22,2026-01-25,Debit Card,UT
TXN000488,CUST00095,PROD0025,3,538.92,1616.76,2026-01-05,Credit Card,NV
TXN000489,CUST00012,PROD0001,3,442.23,1326.69,2026-04-01,PayPal,SD
TXN000490,CUST00098,PROD0018,1,183.61,183.61,2025-05-16,Credit Card,NJ
TXN000491,CUST00024,PROD0028,4,639.35,2557.4,2026-07-25,Bank Transfer,RI
TXN000492,CUST00066,PROD0027,1,810.05,810.05,2025-01-27,Credit Card,GA
TXN000493,CUST00046,PROD0036,1,368.43,368.43,2025-11-29,Gift Card,KS
TXN000494,CUST00002,PROD0019,4,278.14,1112.56,2026-02-02,Credit Card,WI
TXN000495,CUST00093,PROD0036,2,368.43,736.86,2026-06-18,Debit Card,AL
TXN000496,CUST00088,PROD0025,2,538.92,1077.84,2025-05-23,PayPal,CT
TXN000497,CUST00039,PROD0018,4,183.61,734.44,2025-05-30,Credit Card,NH
TXN000498,CUST00022,PROD0028,3,639.35,1918.05,2026-03-08,PayPal,SD
TXN000499,CUST00062,PROD0005,3,636.56,1909.68,2025-09-15,Debit Card,MT
TXN000500,CUST00093,PROD0032,5,810.53,4052.65,2025-07-20,Gift Card,AL
