product_id,product_name,category,unit_price_usd,supplier_id,in_stock_qty
PROD0001,Customizable 3rdgeneration standardization,Apparel,442.23,VEND015,416
PROD0002,Ergonomic 4thgeneration database,Electronics,572.67,VEND014,2266
PROD0003,Polarized solution-oriented circuit,Electronics,8.16,VEND013,1071
PROD0004,Streamlined disintermediate Internet solution,Toys,881.91,VEND003,3619
PROD0005,Self-enabling national core,Apparel,636.56,VEND009,79
PROD0006,Cross-group exuding throughput,Electronics,72.33,VEND015,1221
PROD0007,Persistent client-server leverage,Apparel,37.24,VEND006,4771
PROD0008,Optimized 3rdgeneration budgetary management,Apparel,137.53,VEND003,342
PROD0009,Down-sized coherent support,Sporting Goods,331.35,VEND015,326
PROD0010,Total leadingedge matrix,Sporting Goods,193.01,VEND004,842
PROD0011,Phased 3rdgeneration knowledge user,Sporting Goods,703.19,VEND015,3329
PROD0012,Reduced dynamic customer loyalty,Apparel,675.77,VEND015,1939
PROD0013,Implemented non-volatile infrastructure,Home & Kitchen,878.69,VEND013,1450
PROD0014,Business-focused full-range access,Office Supplies,27.17,VEND012,2721
PROD0015,Customer-focused responsive structure,Office Supplies,722.99,VEND014,2032
PROD0016,Optional intangible methodology,Sporting Goods,147.47,VEND012,885
PROD0017,User-centric optimal policy,Office Supplies,785.58,VEND014,3855
PROD0018,Upgradable neutral frame,Home & Kitchen,183.61,VEND015,3770
PROD0019,Automated mobile initiative,Sporting Goods,278.14,VEND013,1864
PROD0020,Pre-emptive multimedia parallelism,Home & Kitchen,26.17,VEND004,3264
PROD0021,Up-sized reciprocal service-desk,Sporting Goods,254.34,VEND002,2286
PROD0022,Pre-emptive discrete structure,Sporting Goods,579.12,VEND007,4392
PROD0023,Centralized multi-tasking adapter,Sporting Goods,845.61,VEND002,2139
PROD0024,Optimized object-oriented functionalities,Home & Kitchen,524.62,VEND005,313
PROD0025,Reactive asymmetric flexibility,Electronics,538.92,VEND006,2569
PROD0026,Stand-alone intangible leverage,Office Supplies,547.55,VEND009,947
PROD0027,Customizable modular process improvement,Office Supplies,810.05,VEND004,2086
PROD0028,Stand-alone grid-enabled knowledge user,Electronics,639.35,VEND001,4259
PROD0029,Total intermediate adapter,Apparel,619.73,VEND012,1614
PROD0030,Diverse executive success,Sporting Goods,391.0,VEND011,2704
PROD0031,Ergonomic methodical hardware,Apparel,285.94,VEND014,1020
PROD0032,Organic discrete middleware,Toys,810.53,VEND009,2533
PROD0033,Face-to-face optimizing software,Toys,370.5,VEND007,2422
PROD0034,Mandatory real-time structure,Apparel,118.91,VEND007,3105
PROD0035,Switchable maximized capacity,Toys,674.57,VEND003,4662
PROD0036,Implemented uniform structure,Sporting Goods,368.43,VEND014,3
PROD0037,Networked intangible service-desk,Sporting Goods,261.78,VEND007,4751
PROD0038,Streamlined user-facing hierarchy,Apparel,590.95,VEND008,3619
PROD0039,Phased cohesive process improvement,Office Supplies,609.68,VEND009,3876
PROD0040,Expanded executive solution,Toys,156.86,VEND002,2324
