vendor_id,vendor_name,contact_email,contact_phone,tax_id_ein,bank_routing_number,contract_start_date,payment_terms
VEND001,"Miller, Webb and Thompson",catherinegarcia@hahn-snyder.com,280.305.4522,346-56-1868,DRHPGBQV,2024-09-11,Net 15
VEND002,Carrillo PLC,paula89@garcia.info,001-411-699-1808x12135,726-57-8289,XDEUGBXVIHM,2023-04-25,Net 30
VEND003,Hammond-Smith,gpeterson@miller.biz,(732)286-3266x678,454-19-0163,CKKMGBK1,2021-10-20,Net 45
VEND004,Keller Ltd,rachelbrown@whitney.com,(968)745-5048x92673,832-84-6628,JCBRGBVY,2024-06-16,Net 15
VEND005,"Hobbs, Meyer and Fernandez",christopherarnold@peterson.net,001-643-746-8105,127-07-2044,JSXAGB3VP8O,2022-12-16,Net 60
VEND006,Estrada-Briggs,jenniferstone@garcia.org,257.812.6611,134-61-3520,CLVQGBZ97ZQ,2023-11-23,Net 45
VEND007,"Henderson, Alexander and Galvan",adennis@thomas.info,001-772-388-1377x028,617-53-1808,LSJBGB7J,2022-01-11,Net 60
VEND008,Ritter-Turner,jjohnson@bowers.com,643-927-0185x1067,346-49-7787,YEQUGB32,2024-03-23,Net 45
VEND009,Cline LLC,marshelizabeth@hughes-mccullough.com,+1-307-341-2094,198-80-8878,SQGYGB46,2025-02-22,Net 60
VEND010,Barrett PLC,suzannehill@sanchez.org,418.895.6907x056,025-68-5200,ICDDGB8KSJL,2022-07-31,Net 45
VEND011,Moore Group,brianwoodward@johnson.com,(515)926-5461x0339,521-97-8265,DIBKGB390E4,2021-09-03,Net 60
VEND012,"Hall, Mercado and Adams",sanchezangela@torres.info,883-925-8238,043-01-7613,UFABGB4RQYW,2024-12-04,Net 30
VEND013,Richards PLC,brandon89@turner.com,(684)963-9855,280-32-5270,GOTKGBBIA4A,2025-03-01,Net 45
VEND014,"Thompson, Peters and Horton",ifarmer@cobb.com,+1-407-215-6956,128-60-6070,OAHXGBBR,2024-04-12,Net 45
VEND015,"Howard, Davis and Austin",lindsey33@coffey-johnson.info,001-593-403-6149x872,067-76-2102,EISHGB7R,2022-04-29,Net 30
